nome_prodotto,marca,descrizione,url_immagine
"Punta EXPERT HEX-9 Hard Ceramic Per trapani a percussione/avvitatori a impulsi, Per trapani/avvitatori rotanti, Per avvitatori a impulsi",Bosch,"Lunga durata nella foratura delle piastrelle dure
Bosch Carbide Technology assicura punte eccezionalmente durevoli
Avviare fori con precisione grazie a una punta di centraggio appositamente progettata
Codolo esagonale per un collegamento saldo e la massima trasmissione della coppia nei mandrini a tre ganasce e nei portautensili a esagono interno da ¼""",https://www.bosch-professional.com/it/it/ocsmedia/353049-82/product-image/720x410/punta-expert-hex-9-hard-ceramic-2867225.png
"Mecchia a spada EXPERT Self Cut Speed Per trapani/avvitatori rotanti, Per trapani a percussione/avvitatori a impulsi",Bosch,"Foratura nel legno a elevata velocità
La foratura  rapida è più facile con Bosch Tip Technology
Filettatura autoalimentata per foratura ad alta velocità con una pressione ridotta
Codolo esagonale resistente agli urti da 1/4"" per l'uso con avvitatore a impulsi e trapano avvitatore",https://www.bosch-professional.com/it/it/ocsmedia/352625-82/product-image/720x410/mecchia-a-spada-expert-self-cut-speed-2867207.png
Punta per martelli EXPERT SDS plus-7X Per martelli perforatori,Bosch,"Lunga durata per la foratura del calcestruzzo armato
Bosch Carbide Technology assicura punte eccezionalmente durevoli
Foratura del calcestruzzo armato con una testa a 4 taglienti integralmente in metallo duro
Si adatta con tutti i martelli perforatori con attacco SDS plus",https://www.bosch-professional.com/it/it/ocsmedia/344207-82/product-image/720x410/punta-per-martelli-expert-sds-plus-7x-2867204.png
"Punta EXPERT CYL-9 Multi Construction Per trapani a percussione/avvitatori a impulsi, Per trapani/avvitatori rotanti",Bosch,"Elevata precisione nella foratura di diversi materiali
Foratura semplificata grazie alla Bosch Centering Geometry
Avviare fori con precisione grazie a una punta di centraggio appositamente progettata
Codolo cilindrico compatibile con mandrini a tre ganasce",https://www.bosch-professional.com/it/it/ocsmedia/347819-82/product-image/720x410/punta-expert-cyl-9-multi-construction-2867205.png
"Set di punte EXPERT HEX-9 Hard Ceramic Per trapani a percussione/avvitatori a impulsi, Per trapani/avvitatori rotanti, Per avvitatori a impulsi",Bosch,"Lunga durata nella foratura delle piastrelle dure
Bosch Carbide Technology assicura punte eccezionalmente durevoli
Avviare fori con precisione grazie a una punta di centraggio appositamente progettata",https://www.bosch-professional.com/it/it/ocsmedia/353069-82/product-image/720x410/set-di-punte-expert-hex-9-hard-ceramic-2868966.png
"Set di mecchie a spada EXPERT Self Cut Speed Per trapani/avvitatori rotanti, Per trapani a percussione/avvitatori a impulsi",Bosch,"Foratura nel legno a elevata velocità
La foratura  rapida è più facile con Bosch Tip Technology
Filettatura autoalimentata per foratura ad alta velocità con una pressione ridotta",https://www.bosch-professional.com/it/it/ocsmedia/352662-82/product-image/720x410/set-di-mecchie-a-spada-expert-self-cut-speed-2868960.png
Set di punte per martelli EXPERT SDS plus-7X Per martelli perforatori,Bosch,"Lunga durata per la foratura del calcestruzzo armato
Bosch Carbide Technology assicura punte eccezionalmente durevoli
Foratura del calcestruzzo armato con una testa a 4 taglienti integralmente in metallo duro",https://www.bosch-professional.com/it/it/ocsmedia/347897-82/product-image/720x410/set-di-punte-per-martelli-expert-sds-plus-7x-2868963.png
"Set di punte EXPERT CYL-9 Multi Construction Per trapani a percussione/avvitatori a impulsi, Per trapani/avvitatori rotanti",Bosch,"Elevata precisione nella foratura di diversi materiali
Foratura semplificata grazie alla Bosch Centering Geometry
Avviare fori con precisione grazie a una punta di centraggio appositamente progettata",https://www.bosch-professional.com/it/it/ocsmedia/353089-82/product-image/720x410/set-di-punte-expert-cyl-9-multi-construction-2868969.png
Punta per cerniere EXPERT Laminated Wood Per trapani a colonna,Bosch,"Foratura di lunga durata del legno lamellare
Eccezionale durata garantita da Bosch Carbide Technology
Punta in metallo duro ad alte prestazioni realizzata con smerigliatura fine
Codolo cilindrico compatibile con mandrini a tre ganasce",https://www.bosch-professional.com/it/it/ocsmedia/469531-82/product-image/720x410/punta-per-cerniere-expert-laminated-wood-7395269.png
Punta per martelli EXPERT SDS max-8X Per martelli perforatori,Bosch,"Lunga durata per la foratura del calcestruzzo armato
Bosch Carbide Technology assicura punte eccezionalmente durevoli
Foratura del calcestruzzo armato con una testa a 4 taglienti integralmente in metallo duro
Si adatta con tutti i martelli perforatori con attacco SDS max",https://www.bosch-professional.com/it/it/ocsmedia/352582-82/product-image/720x410/punta-per-martelli-expert-sds-max-8x-2867203.png
"Punta EXPERT HEX-9 Multi Construction Per trapani a percussione/avvitatori a impulsi, Per trapani/avvitatori rotanti, Per avvitatori a impulsi",Bosch,"Elevata precisione nella foratura di diversi materiali
Foratura semplificata grazie alla Bosch Centering Geometry
Avviare fori con precisione grazie a una punta di centraggio appositamente progettata
Codolo esagonale per un collegamento saldo e la massima trasmissione della coppia nei mandrini a tre ganasce e nei portautensili a esagono interno da ¼""",https://www.bosch-professional.com/it/it/ocsmedia/349467-82/product-image/720x410/punta-expert-hex-9-multi-construction-2867206.png
Set di punte per cerniere EXPERT Laminated Wood Per trapani a colonna,Bosch,"Foratura di lunga durata del legno lamellare
Eccezionale durata garantita da Bosch Carbide Technology
Punta in metallo duro ad alte prestazioni realizzata con smerigliatura fine",https://www.bosch-professional.com/it/it/ocsmedia/480146-82/product-image/720x410/set-di-punte-per-cerniere-expert-laminated-wood-15-20-25-30-35-x-60-x-90-mm-5-pz-2608901844.png
Punta per martelli EXPERT SDS Clean plus-8X Per martelli perforatori,Bosch,"Foratura con elevata riduzione della polvere nel calcestruzzo armato
Asportazione della polvere altamente efficiente con Bosch Particle Control
Foratura del calcestruzzo armato con una testa a 4 taglienti integralmente in metallo duro
Si adatta con tutti i martelli perforatori con attacco SDS plus",https://www.bosch-professional.com/it/it/ocsmedia/414840-82/product-image/720x410/punta-per-martelli-expert-sds-clean-plus-8x-3043892.png
"Set di punte EXPERT HEX-9 Multi Construction Per trapani a percussione/avvitatori a impulsi, Per trapani/avvitatori rotanti, Per avvitatori a impulsi",Bosch,"Elevata precisione nella foratura di diversi materiali
Foratura semplificata grazie alla Bosch Centering Geometry
Avviare fori con precisione grazie a una punta di centraggio appositamente progettata",https://www.bosch-professional.com/it/it/ocsmedia/418450-82/product-image/720x410/set-di-punte-expert-hex-9-multi-construction-2867890.png
Set di punte per martelli EXPERT SDS Clean plus-8X Per martelli perforatori,Bosch,"Foratura con elevata riduzione della polvere nel calcestruzzo armato
Asportazione della polvere altamente efficiente con Bosch Particle Control
Foratura del calcestruzzo armato con una testa a 4 taglienti integralmente in metallo duro
Si adatta con tutti i martelli perforatori con attacco SDS plus",https://www.bosch-professional.com/it/it/ocsmedia/414833-82/product-image/720x410/set-di-punte-per-martelli-expert-sds-clean-plus-8x-3043871.png
Punta per martelli EXPERT SDS Clean plus-8X Per martelli perforatori,Bosch,"Foratura con elevata riduzione della polvere nel calcestruzzo armato
Asportazione della polvere altamente efficiente con Bosch Particle Control
Foratura del calcestruzzo armato con una testa a 4 taglienti integralmente in metallo duro
Si adatta con tutti i martelli perforatori con attacco SDS plus",https://www.bosch-professional.com/it/it/ocsmedia/414890-82/product-image/720x410/punta-per-martelli-expert-sds-clean-plus-8x-3043894.png
Set di punte per martelli EXPERT SDS Clean plus-8X Per martelli perforatori,Bosch,"Foratura con elevata riduzione della polvere nel calcestruzzo armato
Asportazione della polvere altamente efficiente con Bosch Particle Control
Foratura del calcestruzzo armato con una testa a 4 taglienti integralmente in metallo duro",https://www.bosch-professional.com/it/it/ocsmedia/414886-82/product-image/720x410/set-di-punte-per-martelli-expert-sds-clean-plus-8x-3043884.png
Punta per martelli EXPERT SDS Clean max-8X Per martelli perforatori,Bosch,"Foratura con elevata riduzione della polvere nel calcestruzzo armato
Asportazione della polvere altamente efficiente con Bosch Particle Control
Foratura del calcestruzzo armato con una testa a 4 taglienti integralmente in metallo duro
Si adatta con tutti i martelli perforatori con attacco SDS max",https://www.bosch-professional.com/it/it/ocsmedia/414938-82/product-image/720x410/punta-per-martelli-expert-sds-clean-max-8x-3043896.png
Set di punte per martelli EXPERT SDS Clean max-8X Per martelli perforatori,Bosch,"Foratura con elevata riduzione della polvere nel calcestruzzo armato
Asportazione della polvere altamente efficiente con Bosch Particle Control
Foratura del calcestruzzo armato con una testa a 4 taglienti integralmente in metallo duro",https://www.bosch-professional.com/it/it/ocsmedia/414934-82/product-image/720x410/set-di-punte-per-martelli-expert-sds-clean-max-8x-3043888.png
"Set di punte EXPERT HEX-9 Hard Ceramic e Multi Construction Per trapani a percussione/avvitatori a impulsi, Per trapani/avvitatori rotanti, Per avvitatori a impulsi",Bosch,"Lunga durata nella ceramica dura e precisione nei materiali da costruzione
Bosch Carbide Technology assicura punte eccezionalmente durevoli
Avviare fori con precisione grazie a una punta di centraggio appositamente progettata",https://www.bosch-professional.com/it/it/ocsmedia/418446-82/product-image/720x410/set-di-punte-expert-hex-9-hard-ceramic-e-multi-construction-3087120.png
Punta per metallo doppia PRO Metal HSS-G Per trapani/avvitatori rotanti,Bosch,"Lunga durata nella foratura del metallo
Acciaio super rapido rettificato per prestazioni di lunga durata
Codolo cilindrico compatibile con mandrini a tre ganasce",https://www.bosch-professional.com/it/it/ocsmedia/461869-82/product-image/720x410/punta-per-metallo-doppia-pro-metal-hss-g-3089854.png
"Set di punte per metallo PRO Metal HSS-G Impact Per trapani a percussione/avvitatori a impulsi, Per trapani/avvitatori rotanti",Bosch,"Lunga durata nella foratura del metallo
Acciaio super rapido rettificato per prestazioni di lunga durata",https://www.bosch-professional.com/it/it/ocsmedia/474290-82/product-image/720x410/set-di-punte-per-metallo-pro-metal-hss-g-impact-3089838.png
Punta per metallo lunghezza standard PRO Metal HSS-G Per trapani/avvitatori rotanti,Bosch,"Lunga durata nella foratura del metallo
Acciaio super rapido rettificato per prestazioni di lunga durata
Codolo cilindrico compatibile con mandrini a tre ganasce",https://www.bosch-professional.com/it/it/ocsmedia/461705-82/product-image/720x410/punta-per-metallo-lunghezza-standard-pro-metal-hss-g-3089835.png
Punta per metallo lunghezza grande PRO Metal HSS-G Per trapani/avvitatori rotanti,Bosch,"Lunga durata nella foratura del metallo
Acciaio super rapido rettificato per prestazioni di lunga durata
Codolo cilindrico compatibile con mandrini a tre ganasce",https://www.bosch-professional.com/it/it/ocsmedia/461837-82/product-image/720x410/punta-per-metallo-lunghezza-grande-pro-metal-hss-g-7358360.png
Set di punte per metallo PRO Metal HSS-G Hex Per trapani/avvitatori rotanti,Bosch,"Lunga durata nella foratura del metallo
Acciaio super rapido rettificato per prestazioni di lunga durata",https://www.bosch-professional.com/it/it/ocsmedia/466842-82/product-image/720x410/set-di-punte-per-metallo-esagonali-pro-metal-hss-g-5-pz-2608595517.png
Punta elicoidale per legno PRO Wood Per trapani/avvitatori rotanti,Bosch,"Foratura di precisione del legno
La punta elicoidale consente la centratura della punta, aiutandoti a ottenere fori puliti e precisi
Codolo cilindrico compatibile con mandrini a tre ganasce
Potrebbe presentare un design precedente",https://www.bosch-professional.com/it/it/ocsmedia/462824-82/product-image/720x410/punta-elicoidale-per-legno-pro-wood-3089819.png
Set di punte per metallo PRO Metal HSS-G Per trapani/avvitatori rotanti,Bosch,"Lunga durata nella foratura del metallo
Acciaio super rapido rettificato per prestazioni di lunga durata",https://www.bosch-professional.com/it/it/ocsmedia/475711-82/product-image/720x410/set-di-punte-per-metallo-pro-metal-hss-g-3089834.png
Set di punte elicoidali per legno PRO Wood Per trapani/avvitatori rotanti,Bosch,"Foratura di precisione del legno
La punta elicoidale consente la centratura della punta, aiutandoti a ottenere fori puliti e precisi",https://www.bosch-professional.com/it/it/ocsmedia/468784-82/product-image/720x410/set-di-punte-elicoidali-per-legno-pro-wood-3089816.png
"Punta PRO Wood HSS Installation Per trapani/avvitatori rotanti, Per martelli perforatori",Bosch,"Lunga durata nella foratura del legno
Spirale conica per forare materiali duri senza inceppamenti
Codolo cilindrico compatibile con mandrini a tre ganasce",https://www.bosch-professional.com/it/it/ocsmedia/462798-82/product-image/720x410/punta-pro-wood-hss-installation-3089820.png
Punta per svasatore PRO Soft Metal HSS Per trapani/avvitatori rotanti,Bosch,"Sbavatura e svasatura di precisione del metallo morbido
Tre taglienti a 90 gradi per una foratura precisa nel metallo tenero
Codolo cilindrico compatibile con mandrini a tre ganasce",https://www.bosch-professional.com/it/it/ocsmedia/461864-82/product-image/720x410/punta-per-svasatore-pro-soft-metal-hss-3089845.png
Set di punte elicoidali per legno PRO Wood HSS Per trapani/avvitatori rotanti,Bosch,"Foratura di precisione del legno
La punta elicoidale consente la centratura della punta, aiutandoti a ottenere fori puliti e precisi",https://www.bosch-professional.com/it/it/ocsmedia/466742-82/product-image/720x410/set-di-punte-elicoidali-per-legno-pro-wood-hss-3089813.png
Set di punte per svasatore PRO Soft Metal HSS Per trapani/avvitatori rotanti,Bosch,"Sbavatura e svasatura di precisione del metallo morbido
Tre taglienti a 90 gradi per una foratura precisa nel metallo tenero",https://www.bosch-professional.com/it/it/ocsmedia/455743-82/product-image/720x410/set-di-punte-per-svasatore-pro-soft-metal-hss-6-pz-2608597527.png
"Punta per travi PRO Wood Per trapani/avvitatori rotanti, Per trapani a percussione/avvitatori a impulsi",Bosch,"Foratura di precisione del legno
La punta della vite autoalimentata tira il bit attraverso il legno
Codolo esagonale per un collegamento saldo e la massima trasmissione della coppia nei mandrini a tre ganasce e nei portautensili a esagono interno da ¼""",https://www.bosch-professional.com/it/it/ocsmedia/462862-82/product-image/720x410/punta-per-travi-pro-wood-3089821.png
Punta PRO SDS max Natural Stone Per martelli perforatori,Bosch,"Lunga durata nella foratura della pietra naturale
Il metallo duro resistente e di alta qualità garantisce resistenza e durata
Si adatta con tutti i martelli perforatori con attacco SDS max",https://www.bosch-professional.com/it/it/ocsmedia/460787-82/product-image/720x410/punta-pro-sds-max-natural-stone-3066002.png
Punta per metallo PRO Stainless Steel HSS-Co Per trapani/avvitatori rotanti,Bosch,"Lunga durata nella foratura dell'acciaio inossidabile
Acciaio ad alta velocità con aggiunta di cobalto per prestazioni di lunga durata
Codolo cilindrico compatibile con mandrini a tre ganasce",https://www.bosch-professional.com/it/it/ocsmedia/461766-82/product-image/720x410/punta-per-metallo-pro-stainless-steel-hss-co-3089844.png
"Set di punte per travi PRO Wood Per trapani/avvitatori rotanti, Per trapani a percussione/avvitatori a impulsi",Bosch,"Foratura di precisione del legno
La punta della vite autoalimentata tira il bit attraverso il legno",https://www.bosch-professional.com/it/it/ocsmedia/455393-82/product-image/720x410/set-di-punte-per-travi-pro-wood-3089823.png
Punta PRO SDS max Break Through Per martelli perforatori,Bosch,"Lunga durata nella foratura del calcestruzzo
Il metallo duro resistente e di alta qualità garantisce resistenza e durata
Si adatta con tutti i martelli perforatori con attacco SDS max",https://www.bosch-professional.com/it/it/ocsmedia/460793-82/product-image/720x410/punta-pro-sds-max-break-through-3066003.png
Set di punte per metallo PRO Stainless Steel HSS-Co Per trapani/avvitatori rotanti,Bosch,"Lunga durata nella foratura dell'acciaio inossidabile
Acciaio ad alta velocità con aggiunta di cobalto per prestazioni di lunga durata",https://www.bosch-professional.com/it/it/ocsmedia/475716-82/product-image/720x410/set-di-punte-per-metallo-pro-stainless-steel-hss-co-3089843.png
Punta per martelli PRO SDS max-4 Per martelli perforatori,Bosch,"Lunga durata nella foratura del calcestruzzo armato
Il metallo duro resistente e di alta qualità garantisce resistenza e durata
Si adatta con tutti i martelli perforatori con attacco SDS max",https://www.bosch-professional.com/it/it/ocsmedia/426429-82/product-image/720x410/punta-per-martelli-pro-sds-max-4-3066004.png
Punta per svasatore PRO Steel HSS Per trapani/avvitatori rotanti,Bosch,"Sbavatura e svasatura di precisione nell'acciaio
Tre taglienti a 90 gradi per una foratura precisa nel metallo tenero
Codolo cilindrico compatibile con mandrini a tre ganasce",https://www.bosch-professional.com/it/it/ocsmedia/461832-82/product-image/720x410/punta-per-svasatore-pro-steel-hss-3089853.png
Punta PRO SDS max-7 Per martelli perforatori,Bosch,"Lunga durata nella foratura del calcestruzzo armato
Il metallo duro resistente e di alta qualità garantisce resistenza e durata
Si adatta con tutti i martelli perforatori con attacco SDS max",https://www.bosch-professional.com/it/it/ocsmedia/460844-82/product-image/720x410/punta-pro-sds-max-7-3066005.png
"Grasso lubrificante PRO codoli SDS Per martelli perforatori, Per sezionatori",Bosch,Lunga durata nella lubrificazione dei codoli SDS,https://www.bosch-professional.com/it/it/ocsmedia/451037-82/product-image/720x410/grasso-lubrificante-pro-codoli-sds-per-trapano-e-scalpello-2608002021.png
Corona PRO SDS max-5 Per martelli perforatori,Bosch,"Realizzazione veloce di fori profondi nel calcestruzzo
Il metallo duro resistente e di alta qualità garantisce resistenza e durata
Si adatta con tutti i martelli perforatori con attacco SDS max",https://www.bosch-professional.com/it/it/ocsmedia/460819-82/product-image/720x410/corona-pro-sds-max-5-3066009.png
Corona PRO SDS max-5 monoblocco Per martelli perforatori,Bosch,"Realizzazione veloce di fori profondi nel calcestruzzo
Il metallo duro resistente e di alta qualità garantisce resistenza e durata
Si adatta con tutti i martelli perforatori con attacco SDS max",https://www.bosch-professional.com/it/it/ocsmedia/460876-82/product-image/720x410/corona-pro-sds-max-5-monoblocco-3066011.png
Corona PRO SDS plus-5 Per martelli perforatori,Bosch,"Realizzazione veloce di fori nel calcestruzzo
Il metallo duro resistente e di alta qualità garantisce resistenza e durata
Si adatta con tutti i martelli perforatori con attacco SDS plus",https://www.bosch-professional.com/it/it/ocsmedia/460806-82/product-image/720x410/corona-pro-sds-plus-5-3066013.png
"Set corone PRO SDS plus-5 Per martelli perforatori, Per sezionatori",Bosch,"Realizzazione veloce di fori nel calcestruzzo
Il metallo duro resistente e di alta qualità garantisce resistenza e durata",https://www.bosch-professional.com/it/it/ocsmedia/173838-82/product-image/720x410/set-corone-pro-sds-plus-5-3066014.png
Punta PRO SDS plus Rebar Cutter Per martelli perforatori,Bosch,"Lunga durata nel taglio delle armature
Il metallo duro resistente e di alta qualità garantisce resistenza e durata
Si adatta con tutti i martelli perforatori con attacco SDS plus",https://www.bosch-professional.com/it/it/ocsmedia/460856-82/product-image/720x410/punta-pro-sds-plus-rebar-cutter-3077735.png
Punta per martelli PRO SDS plus-5X Per martelli perforatori,Bosch,"Lunga durata nella foratura del calcestruzzo armato
Il metallo duro resistente e di alta qualità garantisce resistenza e durata
Si adatta con tutti i martelli perforatori con attacco SDS plus",https://www.bosch-professional.com/it/it/ocsmedia/409004-82/product-image/720x410/punta-per-martelli-pro-sds-plus-5x-3077736.png
"Set di punte per martelli PRO SDS plus-5X Per martelli perforatori, Per sezionatori",Bosch,"Lunga durata nella foratura del calcestruzzo armato
Il metallo duro resistente e di alta qualità garantisce resistenza e durata",https://www.bosch-professional.com/it/it/ocsmedia/414362-82/product-image/720x410/set-di-punte-per-martelli-pro-sds-plus-5x-3077737.png
"Set Misto PRO Impact Per trapani a percussione/avvitatori a impulsi, Per trapani/avvitatori rotanti, Per avvitatori a impulsi",Bosch,Avvitamento e foratura di precisione nei materiali da costruzione,https://www.bosch-professional.com/it/it/ocsmedia/470012-82/product-image/720x410/pro-impact-set-con-punta-multi-construction-e-indice-pick-and-click-ph2-x-50-mm-pz2-x-50-mm-t20-x-50-mm-t25-x-50-mm-t30-x-50-mm-mc-5-6-8-x-50-mm-8-pz-2608577144.png
"Set bit avvitamento PRO Impact Per avvitatori a impulsi, Per trapani/avvitatori rotanti",Bosch,Avvitamento,https://www.bosch-professional.com/it/it/ocsmedia/469832-82/product-image/720x410/set-pro-impact-con-giradadi-e-indice-pick-and-click-ph2x50-pz2x50-ns8x50-ns10x50-ns13x50-mm-5-pz-2608522350.png
"Set bit avvitamento PRO Impact Per avvitatori a impulsi, Per trapani/avvitatori rotanti",Bosch,"Avvitamento solido
La zona di torsione estesa assorbe la sollecitazione della coppia sulla punta del bit avvitamento",https://www.bosch-professional.com/it/it/ocsmedia/466770-82/product-image/720x410/set-bit-di-avvitamento-pro-impact-20-pz-2608521u74.png
"Set bit avvitamento PRO Impact Per avvitatori a impulsi, Per trapani/avvitatori rotanti",Bosch,"Avvitamento solido
La zona di torsione estesa assorbe la sollecitazione della coppia sulla punta del bit avvitamento",https://www.bosch-professional.com/it/it/ocsmedia/466774-82/product-image/720x410/set-bit-di-avvitamento-pro-impact-24-pz-2608521u75.png
"Set bit avvitamento PRO Impact Per avvitatori a impulsi, Per trapani/avvitatori rotanti",Bosch,"Avvitamento
La zona di torsione estesa assorbe la sollecitazione della coppia sulla punta del bit avvitamento",https://www.bosch-professional.com/it/it/ocsmedia/466757-82/product-image/720x410/set-bit-avvitamento-pro-impact-3095597.png
"Set bit avvitamento PRO Impact Per avvitatori a impulsi, Per trapani/avvitatori rotanti",Bosch,"Avvitamento solido
La zona di torsione estesa assorbe la sollecitazione della coppia sulla punta del bit avvitamento",https://www.bosch-professional.com/it/it/ocsmedia/466778-82/product-image/720x410/set-bit-di-avvitamento-pro-impact-33-pz-2608521u76.png
"Set bit avvitamento PRO Impact Per avvitatori a impulsi, Per trapani/avvitatori rotanti",Bosch,"Avvitamento solido
La zona di torsione estesa assorbe la sollecitazione della coppia sulla punta del bit avvitamento",https://www.bosch-professional.com/it/it/ocsmedia/466782-82/product-image/720x410/set-bit-di-avvitamento-pro-impact-35-pz-2608521u77.png
"Set bit avvitamento PRO Impact Per avvitatori a impulsi, Per trapani/avvitatori rotanti",Bosch,"Avvitamento
La zona di torsione estesa assorbe la sollecitazione della coppia sulla punta del bit avvitamento",https://www.bosch-professional.com/it/it/ocsmedia/466834-82/product-image/720x410/set-bit-avvitamento-pro-impact-3095609.png
"Set bit avvitamento PRO Impact Per avvitatori a impulsi, Per trapani/avvitatori rotanti",Bosch,"Avvitamento solido
La zona di torsione estesa assorbe la sollecitazione della coppia sulla punta del bit avvitamento",https://www.bosch-professional.com/it/it/ocsmedia/466786-82/product-image/720x410/set-bit-di-avvitamento-pro-impact-41-pz-2608521u78.png
"Set bit avvitamento PRO Impact Per avvitatori a impulsi, Per trapani/avvitatori rotanti",Bosch,"Avvitamento solido
La zona di torsione estesa assorbe la sollecitazione della coppia sulla punta del bit avvitamento",https://www.bosch-professional.com/it/it/ocsmedia/466788-82/product-image/720x410/set-di-bit-di-avvitamento-pro-impact-44-pz-2608521u79.png
"Set bit avvitamento PRO Impact Per avvitatori a impulsi, Per trapani/avvitatori rotanti",Bosch,"Avvitamento solido
La zona di torsione estesa assorbe la sollecitazione della coppia sulla punta del bit avvitamento",https://www.bosch-professional.com/it/it/ocsmedia/466826-82/product-image/720x410/set-bit-di-avvitamento-pro-impact-48-pz-2608521u88.png
"Set bit avvitamento PRO Impact Per avvitatori a impulsi, Per trapani/avvitatori rotanti",Bosch,"Avvitamento solido
La zona di torsione estesa assorbe la sollecitazione della coppia sulla punta del bit avvitamento",https://www.bosch-professional.com/it/it/ocsmedia/466830-82/product-image/720x410/set-bit-di-avvitamento-pro-impact-50-pz-2608521u89.png
"Set PRO Impact Metal Per avvitatori a impulsi, Per trapani/avvitatori rotanti",Bosch,"Avvitamento e lunga durata nella foratura del metallo
La zona di torsione estesa assorbe la sollecitazione della coppia sulla punta del bit avvitamento",https://www.bosch-professional.com/it/it/ocsmedia/466810-82/product-image/720x410/pro-impact-metal-set-20-pz-2608521u84.png
"Set PRO Impact Metal Per avvitatori a impulsi, Per trapani/avvitatori rotanti",Bosch,"avvitamento e lunga durata nella foratura del metallo
La zona di torsione estesa assorbe la sollecitazione della coppia sulla punta del bit avvitamento",https://www.bosch-professional.com/it/it/ocsmedia/466794-82/product-image/720x410/set-pro-impact-metal-3095637.png
"Set PRO Impact Metal Per avvitatori a impulsi, Per trapani/avvitatori rotanti",Bosch,Avvitamento e lunga durata nella foratura del metallo,https://www.bosch-professional.com/it/it/ocsmedia/466818-82/product-image/720x410/pro-impact-metal-set-40-pz-2608521u86.png
"Set PRO Impact Misto Per avvitatori a impulsi, Per trapani/avvitatori rotanti, Per trapani a percussione/avvitatori a impulsi",Bosch,"Avvitamento e foratura di precisione nei materiali da costruzione
La zona di torsione estesa assorbe la sollecitazione della coppia sulla punta del bit avvitamento",https://www.bosch-professional.com/it/it/ocsmedia/466806-82/product-image/720x410/pro-impact-mixed-set-20-pz-2608521u83.png
"Set PRO Impact Misto Per avvitatori a impulsi, Per trapani/avvitatori rotanti, Per trapani a percussione/avvitatori a impulsi",Bosch,"Avvitamento e foratura di precisione nei materiali da costruzione
La zona di torsione estesa assorbe la sollecitazione della coppia sulla punta del bit avvitamento",https://www.bosch-professional.com/it/it/ocsmedia/466838-82/product-image/720x410/set-pro-impact-misto-3095649.png
"Set PRO Impact Misto Per avvitatori a impulsi, Per trapani/avvitatori rotanti, Per trapani a percussione/avvitatori a impulsi",Bosch,"Avvitamento e foratura di precisione nei materiali da costruzione
La zona di torsione estesa assorbe la sollecitazione della coppia sulla punta del bit avvitamento",https://www.bosch-professional.com/it/it/ocsmedia/466814-82/product-image/720x410/pro-impact-mixed-set-40-pz-2608521u85.png
"PRO Impact Wood Set Per avvitatori a impulsi, Per trapani/avvitatori rotanti",Bosch,Avvitamento e foratura di precisione nel legno,https://www.bosch-professional.com/it/it/ocsmedia/466822-82/product-image/720x410/pro-impact-wood-set-40-pz-2608521u87.png
"Punta per piastrelle CYL-9 SoftCeramic Per trapani/avvitatori rotanti, Per trapani a percussione/avvitatori a impulsi",Bosch,"Utilizzo a secco, per una lavorazione pratica e senza fatica
Design a spirale liscia, ideale per la foratura di piastrelle di durezza media.
Codolo cilindrico compatibile con mandrini a tre ganasce",https://www.bosch-professional.com/it/it/ocsmedia/181153-82/product-image/720x410/punta-per-piastrelle-cyl-9-softceramic-2867388.png
"Set punte per calcestruzzo e bit avvitamento Extra Hard, 35 pz. Per trapani/avvitatori rotanti, Per avvitatori",Bosch,"Acciaio modificato S2 e processo di trattamento termico ottimizzato per resistenza extra e prestazioni all'altezza
Punte per avvitatore in acciaio modificato S2 per durezza extra. La zona di torsione conica sostiene i picchi di coppia",https://www.bosch-professional.com/it/it/ocsmedia/160257-82/product-image/720x410/set-bit-avvitamento-cyl-3-da-35-pezzi-extra-hard-ph-pz-sl-h-t-2607017326.png
Punta elicoidale per legno con svasatore 90° Per trapani/avvitatori rotanti,Bosch,"Montato su una punta elicoidale per legno, ottiene più operazioni contemporaneamente
Dotata di chiavetta esagonale, una punta elicoidale per legno e uno svasatore a innesto.
Codolo cilindrico compatibile con mandrini a tre ganasce",https://www.bosch-professional.com/it/it/ocsmedia/178194-82/product-image/720x410/punta-elicoidale-per-legno-con-svasatore-90°-2867730.png
"Punta allargafori per lamiera al cromo vanadio, codolo cilindrico Per trapani/avvitatori rotanti",Bosch,"La punta con rettifica di finitura incrociata consente un perfetto centraggio senza il rischio di slittamenti
Questa punta con rettifica di precisione presenta un'elica dritta per una foratura rapida
Codolo cilindrico compatibile con mandrini a tre ganasce",https://www.bosch-professional.com/it/it/ocsmedia/170661-82/product-image/720x410/punta-allargafori-per-lamiera-al-cromo-vanadio-codolo-cilindrico-2867735.png
Punta Forstner con inserti in metallo duro Per trapani/avvitatori rotanti,Bosch,"Con taglienti in metallo duro rettificati al diamante, la punta produce risultati estremamente precisi.
La punta di centraggio consente un avvio esatto della foratura
Codolo cilindrico compatibile con mandrini a tre ganasce",https://www.bosch-professional.com/it/it/ocsmedia/171445-82/product-image/720x410/punta-forstner-con-inserti-in-metallo-duro-2868313.png
"Affilapunte S41 Per trapani/avvitatori rotanti, Per trapani a percussione/avvitatori a impulsi",Bosch,"È adatto per trapani con diametro del collare pari a 43 mm e con velocità comprese tra 2.000 e 3.000 giri al minuto
Per punte con diametri da 2,5 mm a 10 mm e angolo di spoglia di 118°",https://www.bosch-professional.com/it/it/ocsmedia/358845-82/product-image/720x410/dispositivo-affilapunte-2607990050.png
"Set punte Forstner con inserti in metallo duro, 5 pz. Per trapani/avvitatori rotanti",Bosch,"Con taglienti in metallo duro rettificati al diamante, la punta produce risultati estremamente precisi.
La punta di centraggio consente un avvio esatto della foratura",https://www.bosch-professional.com/it/it/ocsmedia/183907-82/product-image/720x410/set-di-punte-per-cerniere-con-inserti-in-metallo-duro-15-35-mm-da-5-pz-2607018750.png
"Set punte Forstner, 5 pz. Per trapani/avvitatori rotanti",Bosch,"Il design con bordo ondulato genera meno attrito e calore per una maggiore durata
La punta di centraggio corta è dotata di due taglienti principali e uno laterale ondulato, per risultati perfetti.",https://www.bosch-professional.com/it/it/ocsmedia/234179-82/product-image/720x410/set-di-punte-forstner-da-5-pezzi-15-35-mm-2608577022.png
"Set di punte per metallo HSS rettificate, Mini X-Line, 7 pz. Per trapani/avvitatori rotanti",Bosch,"La punta rettificata con angolo di spoglia di 135° unisce il taglio attivo e il perfetto centraggio senza slittamenti
Punta in HSS con rettifica di precisione per foratura veloce",https://www.bosch-professional.com/it/it/ocsmedia/31473-82/product-image/720x410/set-di-punte-per-metallo-hss-rettificate-mini-x-line-7-pz-2867991.png
Punta per metallo HSS PointTeQ Per trapani/avvitatori rotanti,Bosch,"Punta auto-centrante contro gli spostamenti per un'avvio di foratura facile e rapido
Elevata velocità di foratura con meno calore e usura
Codolo cilindrico compatibile con mandrini a tre ganasce",https://www.bosch-professional.com/it/it/ocsmedia/257151-82/product-image/720x410/punta-per-metallo-hss-pointteq-2868253.png
"Prolunga codolo esagonale da 1/4"" Per trapani a percussione/avvitatori a impulsi, Per trapani/avvitatori rotanti",Bosch,"Prolunghe disponibili in due diverse lunghezze: 152 mm e 305 mm
Ideale per tutte le applicazioni con mecchie a spada che richiedano maggiore lunghezza
Codolo esagonale resistente agli urti da 1/4"" per l'uso con avvitatore a impulsi e trapano avvitatore",https://www.bosch-professional.com/it/it/ocsmedia/91198-82/product-image/720x410/prolunga-codolo-esagonale-da-1-4-2867392.png
"Set punte per metallo HSS PointTeQ, 5 pz. Per trapani/avvitatori rotanti",Bosch,"Punta auto-centrante contro gli spostamenti per un'avvio di foratura facile e rapido
Elevata velocità di foratura con meno calore e usura",https://www.bosch-professional.com/it/it/ocsmedia/257714-82/product-image/720x410/set-punte-per-metallo-hss-pointteq-5-pz-2867997.png
"Prolunga codolo esagonale da 1/4"" Per trapani a percussione/avvitatori a impulsi, Per trapani/avvitatori rotanti",Bosch,"Prolunghe disponibili in due diverse lunghezze: 152 mm e 305 mm
Ideale per tutte le applicazioni con mecchie a spada che richiedano maggiore lunghezza
Codolo esagonale resistente agli urti da 1/4"" per l'uso con avvitatore a impulsi e trapano avvitatore",https://www.bosch-professional.com/it/it/ocsmedia/180364-82/product-image/720x410/prolunga-codolo-esagonale-da-1-4-2867731.png
"Punta per metallo HSS PointTeQ con codolo esagonale Per trapani/avvitatori rotanti, Per trapani a percussione/avvitatori a impulsi",Bosch,"La perforazione ad alta velocità riduce la generazione di calore e l'usura della punta: la punta PointTeq garantisce affilatezza continua e lunga durata.
La punta autocentrante previene lo slittamento per avvii facili delle perforazioni; la spirale rivestita in ossido nero consente un'asportazione rapida dei trucioli.
Codolo esagonale per un collegamento saldo e la massima trasmissione della coppia nei mandrini a tre ganasce e nei portautensili a esagono interno da ¼""",https://www.bosch-professional.com/it/it/ocsmedia/328466-82/product-image/720x410/punta-per-metallo-hss-pointteq-con-codolo-esagonale-2868255.png
Svasatore a innesto per punte elicoidali per legno Per trapani/avvitatori rotanti,Bosch,"Montato su una punta elicoidale per legno, ottiene più applicazioni contemporaneamente, con risultati professionali.
In acciaio per utensili, angolo di svasatura di 90°, 5 taglienti; utilizzabile anche come arresto di profondità",https://www.bosch-professional.com/it/it/ocsmedia/178759-82/product-image/720x410/svasatore-a-innesto-per-punte-elicoidali-per-legno-2867385.png
Punta SDS plus-5 Per martelli perforatori,Bosch,"Inserto in metallo duro scanalato, per una foratura rapida e regolare
La punta di centraggio Activeteq guida il trapano per un avvio agevole senza scosse o spostamenti
Si adatta con tutti i martelli perforatori con attacco SDS plus",https://www.bosch-professional.com/it/it/ocsmedia/173902-82/product-image/720x410/punta-sds-plus-5-2869024.png
"Set punte per metallo HSS PointTeQ con codolo esagonale, 5 pz. Per trapani/avvitatori rotanti, Per trapani a percussione/avvitatori a impulsi",Bosch,"La perforazione ad alta velocità riduce la generazione di calore e l'usura della punta: la punta PointTeQ garantisce affilatezza continua e lunga durata.
La punta autocentrante previene lo slittamento per avvii facili delle perforazioni; la spirale rivestita in ossido nero consente un'asportazione rapida dei trucioli.",https://www.bosch-professional.com/it/it/ocsmedia/328495-82/product-image/720x410/set-punte-per-metallo-hss-pointteq-con-codolo-esagonale-5-pz-2868318.png
"Set di punte SDS plus-5, 3 pz. Per martelli perforatori",Bosch,"Inserto in metallo duro scanalato, per una foratura rapida e regolare
La punta di centraggio Activeteq guida il trapano per un avvio agevole senza scosse o spostamenti",https://www.bosch-professional.com/it/it/ocsmedia/180381-82/product-image/720x410/set-di-punte-sds-plus-5-3-pz-2868335.png
Mecchia a spada regolabile Per trapani/avvitatori rotanti,Bosch,"Presenta una lama a cuneo con bloccaggio e punta a vite ad avanzamento lento, regolabile da 15 a 45 mm
Ideale laddove è necessaria una varietà di fori di grandi dimensioni
Codolo cilindrico compatibile con mandrini a tre ganasce",https://www.bosch-professional.com/it/it/ocsmedia/180365-82/product-image/720x410/punta-fresa-piatta-regolabile-esagonale-2608596333.png
"Set Robust Line di punte SDS plus-5, 5 pz. Per martelli perforatori",Bosch,"Inserto in metallo duro scanalato, per una foratura rapida e regolare
La punta di centraggio Activeteq guida il trapano per un avvio agevole senza scosse o spostamenti",https://www.bosch-professional.com/it/it/ocsmedia/174008-82/product-image/720x410/set-robust-line-di-punte-sds-plus-5-5-pz-2867977.png
"Set di punte per metallo HSS Impact Control, 8 pz. Per trapani/avvitatori rotanti, Per trapani a percussione/avvitatori a impulsi",Bosch,"Corpo molto resistente della punta per la massima robustezza
Rettifica di precisione con rivestimento in ossido di alluminio, per la minima usura",https://www.bosch-professional.com/it/it/ocsmedia/243222-82/product-image/720x410/set-di-punte-hss-impact-control-da-8-pz-2-5-8-5-mm-2608577140.png
Fresa per tenoni Per trapani/avvitatori rotanti,Bosch,"La testa di foratura sottoposta a rettifica di precisione permette di ottenere tenoni perfettamente cilindrici.
Attrito ridotto grazie all'elevata concentricità e alla geometria ottimale con spoglia multipla
Codolo cilindrico compatibile con mandrini a tre ganasce",https://www.bosch-professional.com/it/it/ocsmedia/175015-82/product-image/720x410/fresa-per-tenoni-2867386.png
Punta SDS plus-3 Per martelli perforatori,Bosch,"Il Dura Design a 4 spirali consente un'efficace estrazione della polvere per una maggiore durata
Realizzata in acciaio alto-legato, con tecnologia di saldatura e tempra ottimizzata per resistere all'usura
Si adatta con tutti i martelli perforatori con attacco SDS plus",https://www.bosch-professional.com/it/it/ocsmedia/178091-82/product-image/720x410/punta-sds-plus-3-2867846.png
Punta per metallo HSS con rivestimento TiN Per trapani/avvitatori rotanti,Bosch,"Il rivestimento in nitruro di titanio garantisce il minor livello di attrito possibile e un'usura minima
L'elevata qualità della superficie di questa punta per metallo HSS rettificata consente un utilizzo prolungato
Codolo cilindrico compatibile con mandrini a tre ganasce",https://www.bosch-professional.com/it/it/ocsmedia/167970-82/product-image/720x410/punta-per-metallo-hss-con-rivestimento-tin-2868007.png
"Set di spinatura, 27 pz. Per trapani/avvitatori rotanti",Bosch,"Il set contiene tutti gli accessori necessari per un lavoro efficiente nel legno tenero e duro.
Completo di punta elicoidale per legno, arresto di profondità, dispositivi di spinatura, spine in legno e colla.",https://www.bosch-professional.com/it/it/ocsmedia/297699-82/product-image/720x410/set-di-spinatura-27-pz-2868185.png
"Set di punte elicoidali HSS con rivestimento TiN, Robust Line, 6 pz. Per trapani/avvitatori rotanti",Bosch,"Il rivestimento in nitruro di titanio garantisce il minor livello di attrito possibile e un'usura minima
L'elevata qualità della superficie di questa punta per metallo HSS rettificata consente un utilizzo prolungato",https://www.bosch-professional.com/it/it/ocsmedia/181430-82/product-image/720x410/set-di-punte-elicoidali-hss-con-rivestimento-tin-robust-line-6-pz-2868264.png
Spina in legno Per trapani/avvitatori rotanti,Bosch,"Robuste e facili da posizionare
Garantiscono la stabilità grazie al design zigrinato",https://www.bosch-professional.com/it/it/ocsmedia/183668-82/product-image/720x410/spina-in-legno-2868184.png
"Set di punte SDS plus-3, 11 pz. Per martelli perforatori",Bosch,"Il Dura Design a 4 spirali consente un'efficace estrazione della polvere per una maggiore durata
Realizzata in acciaio alto-legato, con tecnologia di saldatura e tempra ottimizzata per resistere all'usura",https://www.bosch-professional.com/it/it/ocsmedia/323622-82/product-image/720x410/set-di-punte-per-martelli-e-scalpelli-sds-plus-3-da-11-pz-5-12-mm-2608579916.png
"Punta a gradini HSS, codolo a tripla superficie Per trapani/avvitatori rotanti",Bosch,"La preforatura non è necessaria in quanto la punta con rettifica di finitura incrociata consente un avvio agevole
La spirale rettificata consente un'asportazione ottimale dei trucioli e vibrazioni ridotte per una foratura uniforme
Il codolo a tripla superficie impedisce lo scivolamento nel mandrino di trapani e avvitatori rotanti",https://www.bosch-professional.com/it/it/ocsmedia/181110-82/product-image/720x410/punta-a-gradini-hss-codolo-a-tripla-superficie-2868009.png
Dima di foratura per spinatura Per trapani/avvitatori rotanti,Bosch,"Per fori per spine in legno realizzati con punte per legno, metallo e punte universali
Per punte di diametro 3, 3.3, 4, 4.2, 5, 6, 6.8, 8, 10, e 12 mm",https://www.bosch-professional.com/it/it/ocsmedia/181676-82/product-image/720x410/dima-di-foratura-per-spinatura-2607000549.png
"Set di punte a gradini HSS, codolo a tripla superficie Per trapani/avvitatori rotanti",Bosch,"La preforatura non è necessaria in quanto la punta con rettifica di finitura incrociata consente un avvio agevole
La spirale rettificata consente un'asportazione ottimale dei trucioli e vibrazioni ridotte per una foratura uniforme
Il codolo a tripla superficie impedisce lo scivolamento nel mandrino di trapani e avvitatori rotanti",https://www.bosch-professional.com/it/it/ocsmedia/174022-82/product-image/720x410/set-di-punte-a-gradini-hss-da-3-pezzi-4-12-4-20-6-30-2608587426.png
"Set di spinatura, 4 pz. Per trapani/avvitatori rotanti",Bosch,"Per marcare la posizione dei fori in modo semplice e veloce.
Realizzato in acciaio per utensili",https://www.bosch-professional.com/it/it/ocsmedia/170960-82/product-image/720x410/set-di-spinatura-4-pz-2868188.png
"Punta a gradini HSS, codolo esagonale Per trapani/avvitatori rotanti, Per trapani a percussione/avvitatori a impulsi",Bosch,"La preforatura non è necessaria in quanto la punta con rettifica di finitura incrociata consente un avvio agevole
La spirale rettificata consente un'asportazione ottimale dei trucioli e vibrazioni ridotte per una foratura uniforme
Codolo esagonale per un collegamento saldo e la massima trasmissione della coppia nei mandrini a tre ganasce e nei portautensili a esagono interno da ¼""",https://www.bosch-professional.com/it/it/ocsmedia/175003-82/product-image/720x410/punte-a-gradini-hss-2608597524.png
"Set arresti di profondità, 4 pz. Per trapani/avvitatori rotanti",Bosch,"Il set comprende 3 arresti di profondità in acciaio per utensili
3 diametri diversi (6, 8, 10 mm), per ottenere risultati precisi nella foratura del legno",https://www.bosch-professional.com/it/it/ocsmedia/39419-82/product-image/720x410/set-di-arresti-di-profondita-per-perforazione-del-legno-6-8-10-mm-2607000548.png
"Punta a gradini HSS, codolo a tripla superficie Per trapani/avvitatori rotanti",Bosch,"La preforatura non è necessaria in quanto la punta con rettifica di finitura incrociata consente un avvio agevole
La spirale rettificata consente un'asportazione ottimale dei trucioli e vibrazioni ridotte per una foratura uniforme
Il codolo a tripla superficie impedisce lo scivolamento nel mandrino di trapani e avvitatori rotanti",https://www.bosch-professional.com/it/it/ocsmedia/174984-82/product-image/720x410/punta-a-gradini-hss-codolo-a-tripla-superficie-2868010.png
"Set punte per ceramica e bit avvitamento Pick and Click Per trapani/avvitatori rotanti, Per trapani a percussione/avvitatori a impulsi, Per avvitatori",Bosch,"Bit di avvitamento estremamente solido in acciaio modificato S2, con zona di torsione estesa, perfetta per lavorazioni durature
La punta esegue forature ad alta velocità nelle piastrelle grazie ai taglienti asimmetrici a 7 lati rettificati al diamante e alla forma a U a due spirali",https://www.bosch-professional.com/it/it/ocsmedia/243257-82/product-image/720x410/hex-9-ceramic-5-6-8-mm-punta-impact-power-50 mm-ph2-pz2-t20-t25-t30-2608577145.png
"Punta a gradini HSS AlTiN, codolo a tripla superficie Per trapani/avvitatori rotanti",Bosch,"La preforatura non è necessaria in quanto la punta con rettifica di finitura incrociata consente un avvio agevole
La spirale rettificata consente un'asportazione ottimale dei trucioli e vibrazioni ridotte per una foratura uniforme
Il codolo a tripla superficie impedisce lo scivolamento nel mandrino di trapani e avvitatori rotanti",https://www.bosch-professional.com/it/it/ocsmedia/174992-82/product-image/720x410/punta-a-gradini-hss-altin-codolo-a-tripla-superficie-2868012.png
"Set di punte a gradini HSS-AlTiN, codolo a tripla superficie Per trapani/avvitatori rotanti",Bosch,"La preforatura non è necessaria in quanto la punta con rettifica di finitura incrociata consente un avvio agevole
La spirale rettificata consente un'asportazione ottimale dei trucioli e vibrazioni ridotte per una foratura uniforme",https://www.bosch-professional.com/it/it/ocsmedia/174024-82/product-image/720x410/set-di-punte-a-gradini-hss-altin-da-3-pezzi-4-12-4-20-6-30-2608588069.png
"Punta a gradini HSS, codolo esagonale Per trapani/avvitatori rotanti, Per trapani a percussione/avvitatori a impulsi",Bosch,"La preforatura non è necessaria in quanto la punta con rettifica di finitura incrociata consente un avvio agevole
La spirale rettificata consente un'asportazione ottimale dei trucioli e vibrazioni ridotte per una foratura uniforme
Codolo esagonale per un collegamento saldo e la massima trasmissione della coppia nei mandrini a tre ganasce e nei portautensili a esagono interno da ¼""",https://www.bosch-professional.com/it/it/ocsmedia/174995-82/product-image/720x410/punte-a-gradini-hss-altin-2608588070.png
"Punta a gradini HSS AlTiN, codolo a tripla superficie Per trapani/avvitatori rotanti",Bosch,"La preforatura non è necessaria in quanto la punta con rettifica di finitura incrociata consente un avvio agevole
La spirale rettificata consente un'asportazione ottimale dei trucioli e vibrazioni ridotte per una foratura uniforme
Il codolo a tripla superficie impedisce lo scivolamento nel mandrino di trapani e avvitatori rotanti",https://www.bosch-professional.com/it/it/ocsmedia/174997-82/product-image/720x410/punta-a-gradini-hss-altin-codolo-a-tripla-superficie-2868011.png
"Set di svasatori conici HSS, codolo cilindrico Per trapani/avvitatori rotanti",Bosch,Descrizione non trovata,https://www.bosch-professional.com/it/it/ocsmedia/177684-82/product-image/720x410/set-di-svasatori-conici-da-3-pezzi-6-8-mm-2608596667.png
Punta per cerniere con inserti in metallo duro Per trapani/avvitatori rotanti,Bosch,"Alta qualità di taglio grazie ai due taglienti
Punta con inserti in metallo duro per ottimi risultati nei materiali abrasivi
Codolo cilindrico compatibile con mandrini a tre ganasce",https://www.bosch-professional.com/it/it/ocsmedia/171570-82/product-image/720x410/punta-in-metallo-duro-per-fori-di-cerniere-2608596981.png
"Svasatore conico, codolo esagonale Per trapani/avvitatori rotanti, Per trapani a percussione/avvitatori a impulsi",Bosch,"Consente una lavorazione facile e costante grazie ai sette taglienti a 90°.
Elevato trasferimento della potenza, reso possibile grazie al codolo esagonale, per un allineamento perfetto
Codolo esagonale per un collegamento saldo e la massima trasmissione della coppia nei mandrini a tre ganasce e nei portautensili a esagono interno da ¼""",https://www.bosch-professional.com/it/it/ocsmedia/170686-82/product-image/720x410/svasatore-conico-1609200315.png
Punta Forstner Per trapani/avvitatori rotanti,Bosch,"Il design con bordo ondulato genera meno attrito e calore per una maggiore durata
La punta di centraggio corta è dotata di due taglienti principali e uno laterale ondulato, per risultati perfetti.
Codolo cilindrico compatibile con mandrini a tre ganasce",https://www.bosch-professional.com/it/it/ocsmedia/234167-82/product-image/720x410/punta-forstner-2868437.png
"Svasatore conico HSS, codolo esagonale Per trapani/avvitatori rotanti, Per trapani a percussione/avvitatori a impulsi",Bosch,"Lo svasatore rettificato realizzato in HSS offre un'ottima qualità della superficie per una lavorazione uniforme
Ottimi risultati nei materiali duri grazie ai tre taglienti a 90° che assicurano una lavorazione senza vibrazioni e bava
Codolo esagonale per un collegamento saldo e la massima trasmissione della coppia nei mandrini a tre ganasce e nei portautensili a esagono interno da ¼""",https://www.bosch-professional.com/it/it/ocsmedia/170888-82/product-image/720x410/svasatore-conico-hss-codolo-esagonale-2868244.png
"Svasatore con foro trasversale HSS, codolo cilindrico Per trapani/avvitatori rotanti",Bosch,"Il foro trasversale impedisce che i trucioli blocchino il pezzo ed è ideale per la rimozione dei trucioli e per una svasatura pulita
Realizzato in HSS con lega di cobalto al 5% per la massima qualità della superficie
Codolo cilindrico compatibile con mandrini a tre ganasce",https://www.bosch-professional.com/it/it/ocsmedia/170668-82/product-image/720x410/svasatore-con-foro-trasversale-hss-codolo-cilindrico-2868003.png
"Punta CYL-3 Per trapani/avvitatori rotanti, Per trapani a percussione/avvitatori a impulsi",Bosch,"Elevata resistenza all'usura grazie alla speciale miscela di metallo duro progettata e fabbricata da Bosch
Punta con forma a U a due spirali, per una buona estrazione della polvere, attrito ridotto e durata prolungata
Codolo cilindrico compatibile con mandrini a tre ganasce",https://www.bosch-professional.com/it/it/ocsmedia/168340-82/product-image/720x410/punta-cyl-3-2868161.png
Punta per carrozzeria HSS Per trapani/avvitatori rotanti,Bosch,"Spirale con lunghezza utile ideale per eseguire i lavori più comuni
Foratura precisa senza bulinatura grazie all’estremità della punta autocentrante
Codolo cilindrico compatibile con mandrini a tre ganasce",https://www.bosch-professional.com/it/it/ocsmedia/168887-82/product-image/720x410/punta-per-carrozzeria-hss-2868322.png
"Punta CYL-3 Per trapani/avvitatori rotanti, Per trapani a percussione/avvitatori a impulsi",Bosch,"Elevata resistenza all'usura grazie alla speciale miscela di metallo duro progettata e fabbricata da Bosch
Punta con forma a U a due spirali, per una buona estrazione della polvere, attrito ridotto e durata prolungata",https://www.bosch-professional.com/it/it/ocsmedia/181426-82/product-image/720x410/punta-cyl-3-2867293.png
Punta doppia per metallo HSS rettificata Per trapani/avvitatori rotanti,Bosch,"Punta utilizzabile da entrambe le estremità grazie alle due punte e spirali
Punta extra corta per la foratura in spazi angusti
Bit avvitamento doppi",https://www.bosch-professional.com/it/it/ocsmedia/168893-82/product-image/720x410/punta-doppia-per-metallo-hss-rettificata-2868252.png
"Punta CYL-3 Per trapani/avvitatori rotanti, Per trapani a percussione/avvitatori a impulsi",Bosch,"Elevata resistenza all'usura grazie alla speciale miscela di metallo duro progettata e fabbricata da Bosch
Punta con forma a U a due spirali, per una buona estrazione della polvere, attrito ridotto e durata prolungata",https://www.bosch-professional.com/it/it/ocsmedia/180367-82/product-image/720x410/punta-cyl-3-2868305.png
"punta allargafori HSS Sheet Metal, codolo cilindrico Per trapani/avvitatori rotanti",Bosch,"Questa punta con rettifica di precisione presenta un'elica dritta per una foratura rapida
Per fori di grandi diametri in lamiere in metallo, profili, tubi, senza necessità di preforo
Codolo cilindrico compatibile con mandrini a tre ganasce",https://www.bosch-professional.com/it/it/ocsmedia/174998-82/product-image/720x410/punta-allargafori-hss-sheet-metal-codolo-cilindrico-2868321.png
"Punta allargafori HSS Sheet Metal, codolo esagonale Per trapani/avvitatori rotanti, Per trapani a percussione/avvitatori a impulsi",Bosch,"La punta con rettifica di finitura incrociata consente un perfetto centraggio senza il rischio di slittamenti
Questa punta con rettifica di precisione presenta un'elica dritta per una foratura rapida
Codolo esagonale per un collegamento saldo e la massima trasmissione della coppia nei mandrini a tre ganasce e nei portautensili a esagono interno da ¼""",https://www.bosch-professional.com/it/it/ocsmedia/170749-82/product-image/720x410/punta-allargafori-hss-sheet-metal-codolo-esagonale-2868004.png
"Set di punte CYL-1 Per trapani/avvitatori rotanti, Per trapani a percussione/avvitatori a impulsi",Bosch,"Punta con forma a U a due spirali, per una buona estrazione della polvere
Inserto in metallo duro, per una maggiore resistenza all'usura",https://www.bosch-professional.com/it/it/ocsmedia/217191-82/product-image/720x410/set-di-punte-cyl-1-2868308.png
Punta raspa HSS Per trapani/avvitatori rotanti,Bosch,"Presenta una punta elicoidale seguita da una fresa
È progettata per forare legno, lamiere in metallo, materie plastiche e altri materiali sottili
Codolo cilindrico compatibile con mandrini a tre ganasce",https://www.bosch-professional.com/it/it/ocsmedia/168081-82/product-image/720x410/punte-fresatrici-hss-2608597528.png
Punta raspa HSS per finiture Per trapani/avvitatori rotanti,Bosch,"L'estremità elicoidale anteriore della punta prosegue in una fresa
Adatta per l'utilizzo in metalli non ferrosi, acciaio, materie plastiche e legno
Codolo cilindrico compatibile con mandrini a tre ganasce",https://www.bosch-professional.com/it/it/ocsmedia/168196-82/product-image/720x410/punte-fresatrici-hss-2609200199.png
"Set di punte a gradini HSS-TiN, codolo a tripla superficie Per trapani/avvitatori rotanti",Bosch,"La preforatura non è necessaria in quanto la punta con rettifica di finitura incrociata consente un avvio agevole
La spirale rettificata consente un'asportazione ottimale dei trucioli e vibrazioni ridotte per una foratura uniforme
Il codolo a tripla superficie impedisce lo scivolamento nel mandrino di trapani e avvitatori rotanti",https://www.bosch-professional.com/it/it/ocsmedia/174023-82/product-image/720x410/set-di-punte-a-gradini-hss-tin-da-3-pezzi-4-12-4-20-6-30-2608587432.png
"Punta a gradini HSS TiN, codolo a tripla superficie Per trapani/avvitatori rotanti",Bosch,"La preforatura non è necessaria in quanto la punta con rettifica di finitura incrociata consente un avvio agevole
La spirale rettificata consente un'asportazione ottimale dei trucioli e vibrazioni ridotte per una foratura uniforme
Il codolo a tripla superficie impedisce lo scivolamento nel mandrino di trapani e avvitatori rotanti",https://www.bosch-professional.com/it/it/ocsmedia/174989-82/product-image/720x410/punta-a-gradini-hss-tin-codolo-a-tripla-superficie-2868013.png
"Punta a gradini HSS TiN, codolo a tripla superficie Per trapani/avvitatori rotanti",Bosch,"La preforatura non è necessaria in quanto la punta con rettifica di finitura incrociata consente un avvio agevole
La spirale rettificata consente un'asportazione ottimale dei trucioli e vibrazioni ridotte per una foratura uniforme
Il codolo a tripla superficie impedisce lo scivolamento nel mandrino di trapani e avvitatori rotanti",https://www.bosch-professional.com/it/it/ocsmedia/174986-82/product-image/720x410/punta-a-gradini-hss-tin-codolo-a-tripla-superficie-2868014.png
"Punta a gradini HSS, codolo esagonale Per trapani/avvitatori rotanti, Per trapani a percussione/avvitatori a impulsi",Bosch,"La preforatura non è necessaria in quanto la punta con rettifica di finitura incrociata consente un avvio agevole
La spirale rettificata consente un'asportazione ottimale dei trucioli e vibrazioni ridotte per una foratura uniforme
Codolo esagonale per un collegamento saldo e la massima trasmissione della coppia nei mandrini a tre ganasce e nei portautensili a esagono interno da ¼""",https://www.bosch-professional.com/it/it/ocsmedia/103533-82/product-image/720x410/punta-a-gradini-hss-tin-2608587433.png
"Set bit avvitamento e punte per metallo Extra Hard HSS, 20 pz. Per trapani/avvitatori rotanti, Per avvitatori",Bosch,"Acciaio modificato S2 e processo di trattamento termico ottimizzato per resistenza extra e prestazioni all'altezza
La zona di torsione conica resiste facilmente ai picchi di coppia, portando a termine ogni compito.",https://www.bosch-professional.com/it/it/ocsmedia/212095-82/product-image/720x410/set-di-bit-di-avvitamento-drill-drive-da-20-pz-2607002786.png
"Mola di ricambio per dispositivo affilapunte Per trapani/avvitatori rotanti, Per trapani a percussione/avvitatori a impulsi",Bosch,"È adatto per trapani con diametro del collare pari a 43 mm e con velocità comprese tra 2.000 e 3.000 giri al minuto
Per punte con diametri da 2,5 mm a 10 mm e angolo di spoglia di 118°",https://www.bosch-professional.com/it/it/ocsmedia/358848-82/product-image/720x410/mola-di-ricambio-per-dispositivo-affilapunte-2608600029.png
"Set bit avvitamento Extra Hard, 35 pz. Per trapani/avvitatori rotanti, Per avvitatori",Bosch,"Acciaio modificato S2 e processo di trattamento termico ottimizzato per resistenza extra e prestazioni all'altezza
Punte per avvitatore in acciaio modificato S2 per durezza extra e grandi prestazioni in tutte le operazioni",https://www.bosch-professional.com/it/it/ocsmedia/203927-82/product-image/720x410/set-bit-avvitamento-hss-da-35-pezzi-extra-hard-ph-pz-sl-h-t-2607017327.png
"Set bit avvitamento Extra Hard, 35 pz. Per trapani/avvitatori rotanti, Per avvitatori",Bosch,"Acciaio modificato S2 e processo di trattamento termico ottimizzato per resistenza extra e prestazioni all'altezza
Punte per avvitatore in acciaio modificato S2 per durezza extra. La zona di torsione conica sostiene i picchi di coppia",https://www.bosch-professional.com/it/it/ocsmedia/203931-82/product-image/720x410/set-bit-avvitamento-hss-g-da-35-pezzi-extra-hard-ph-pz-sl-h-t-2607017328.png
"Set frese per fresatura manuale, 4 pz. Per trapani/avvitatori rotanti",Bosch,"Frese convesse, coniche, cilindriche e rotonde: ideali per diverse applicazioni
Idoneo per legno, metalli non ferrosi e ferro",https://www.bosch-professional.com/it/it/ocsmedia/177965-82/product-image/720x410/set-frese-per-fresatura-manuale-13-mm-da-4-pz-1609200314.png
"Set frese per fresatura manuale, 3 pz. Per trapani/avvitatori rotanti",Bosch,"Adatto per metalli non ferrosi e legno
3 frese di forma rotonda, cilindrica e conica ideali per un'ampia gamma di applicazioni",https://www.bosch-professional.com/it/it/ocsmedia/192103-82/product-image/720x410/set-frese-per-fresatura-manuale-16-mm-da-3-pz-1609200307.png
