nome_prodotto,marca,descrizione,immagine,url
FITT Jantis ACT,FITT,"FITT Jantis Act è un tubo per l'irrigazione retinato, composto da PVC riciclato senza ftalati. Ideale per l'impiego intensivo e prolungato grazie alla sua robustezza e al suo rinforzo retinato, che gli attribuisce un'ottima resistenza alla pressione dell'acqua.",https://fitt-cdn.thron.com/api/v1/content-delivery/shares/pf4brg/contents/7351b227-81b1-4fc8-bf8a-4e4ad329fd0b/image/FITT_Jantis_ACT?w=1000&h=1000&crop=auto&q_auto=high,https://www.fitt.com/it/product/fitt_jantis_act/
FITT Jantis EVO,FITT,"FITT Jantis Evo è la nuova innovazione di FITT: un tubo per l'irrigazione facile da utilizzare con tecnologia NTS, che garantisce l'assenza di nodi e torsioni, in PVC riciclato senza ftalati. Grazie all'impiego di un processo produttivo all'avanguardia, FITT Jantis Evo è un tubo da giardino che garantisce delle elevate prestazioni tecniche. Ideale per l'impiego quotidiano e anche prolungato in orti, giardini e per tutte le attività di pulizia all'esterno.",https://fitt-cdn.thron.com/api/v1/content-delivery/shares/pf4brg/contents/508c7f01-bdbe-4b65-8c21-0b00a8ca856f/image/FITT_Jantis_EVO?w=1000&h=1000&crop=auto&q_auto=high,https://www.fitt.com/it/product/fitt_jantis_evo/
FITT NTS Red Kit,FITT,"Tubo di colore rosso brillante per Irrigazione da Giardino, Robusto e Malleabile, per Uso Intensivo, con Pistola Multigetto e Raccordi, con Tecnologie NTS e SKY TECH.",https://fitt-cdn.thron.com/delivery/public/image/fitt/fc7cc3e5-ebb7-4e4e-83ed-2aa3a2ad109c/pf4brg/std/1000x0/FITT%20NTS%20Red%20Render.jpg,https://www.fitt.com/it/product/fitt_ntsred_kit/
FITT NTS Red,FITT,"Tubo di colore rosso brillante per Irrigazione da Giardino, Robusto e Malleabile, per Uso Intensivo, con Tecnologie NTS e SKY TECH. Vai al sito dedicato",https://fitt-cdn.thron.com/delivery/public/image/fitt/fc7cc3e5-ebb7-4e4e-83ed-2aa3a2ad109c/pf4brg/std/1000x0/FITT%20NTS%20Red%20Render.jpg,https://www.fitt.com/it/product/fitt_ntsred/
FITT Cleany 20 bar,FITT,"Progettato per la pulizia nell’industria alimentare e delle aziende agricole, FITT Cleany20 è il prodotto per il passaggio dell’acqua e soluzioni per l’igienizzazione a media e bassa pressione. Ha una elevata resistenza ai componenti chimici aggressivi, ai detergenti per la pulizia e limita la carica batterica grazie agli strati antimicrobici interni ed esterni. Lavora fino a 20 bar di pressione di esercizio a 70°C in continuo.",https://fitt-cdn.thron.com/api/v1/content-delivery/shares/pf4brg/contents/88813584-4d72-4127-ba3b-18b8a8c57a88/image/FITT_Cleany_20bar_render?w=1000&h=1000&crop=auto&q_auto=high,https://www.fitt.com/it/product/fitt_cleany_20bar/
FITT Kiuma,FITT,FITT presenta il nuovo tubo da irrigazione che coniuga i benefici di leggerezza e flessibilità dei tubi estensibili con la resistenza dei tubi tradizionali in un’unica soluzione. Grazie all’impiego di tecnologie avanzate e materiali all’avanguardia il tubo mantiene la sua flessibilità a basse temperature e resiste alle pressioni elevate. FITT Kiuma è il tubo da giardino maneggevole e facile da utilizzare ideale per l’utilizzo giornaliero ed intensivo.,https://fitt-cdn.thron.com/api/v1/content-delivery/shares/pf4brg/contents/756fc911-31c0-4572-9b9d-895fffc37dd4/image/FITT_Kiuma?w=1000&h=1000&crop=auto&q_auto=high,https://www.fitt.com/it/product/fitt_kiuma/
FITT Metalflex BK,FITT,"Ideale per sprayer, FITT Metalflex BK è adatto per il pasaggio di soluzioni anticrittogamiche, pesticidi e fertilizzanti e per irrorazione. Adeguato anche per i compressori.",https://fitt-cdn.thron.com/api/v1/content-delivery/shares/pf4brg/contents/a33eba62-b51f-405d-aef8-11e900683b03/image/FITT_MetalflexBK_render?w=1000&h=1000&crop=auto&q_auto=high,https://www.fitt.com/it/product/fitt_metalflex_bk/
FITT Woodtek,FITT,"FITT Woodtek è il tubo ideale per la movimentazione di pellet e granuli. Grazie al sottostrato in PU base estere garantisce un’elevata resistenza all'abrasione. La presenza del filamento di rame garantisce al tubo proprietà antistatiche, eliminando il rischio di accumuli di cariche elettriche.",https://fitt-cdn.thron.com/api/v1/content-delivery/shares/pf4brg/contents/115acef2-ec66-4d73-a377-7b32f0993cbd/image/FITT_Woodtek_render?w=1000&h=1000&crop=auto&q_auto=high,https://www.fitt.com/it/product/fitt_woodtek/
FITT Pure Tek,FITT,"FITT Pure Tek è inodore, privo di PVC, atossico e privo di plastificanti; ha una superficie liscia e trasparente. Estremamente flessibile e con un raggio di curvatura ridotto, è resistente e maneggevole grazie alla formulazione TPE e alla maglia NTS Plus. Ha un’elevata resistenza meccanica e una maggiore leggerezza rispetto ai tubi in gomma.",https://fitt-cdn.thron.com/delivery/public/image/fitt/b7f46bad-eaf9-4eec-b523-4a20d25f5d93/pf4brg/std/1000x1000/FITT-Pure-Tek?scalemode=product&format=auto,https://www.fitt.com/it/product/fitt_pure_tek/
FITT Bluforce,FITT,"Grazie all’innovativa tecnologia PVC-A (PVC-HI)*, FITT Bluforce offre massima resistenza, permettendo un significativo abbattimento degli interventi di manutenzione dell’opera finita e quindi l’utilizzo dell’infrastruttura in totale sicurezza. FITT Bluforce potenzia le proprie prestazioni grazie all’impiego di Power Lock, il sistema di giunzione a bicchiere con guarnizione pre-inserita meccanicamente a caldo, che trasforma il tubo in un sistema completo in grado di garantire facilità di montaggio, perfetta funzionalità ed ottimale tenuta nel tempo. Scarica BIMVai al sito dedicatovedi l'app",https://fitt-cdn.thron.com/delivery/public/image/fitt/bf53d11a-ff66-497d-a92f-8d432486109f/pf4brg/std/1000x1000/FITT%20Bluforce.jpg?scalemode=centered,https://www.fitt.com/it/product/fitt_bluforce/
FITT Blutech,FITT,Il tubo in PVC per il trasporto di fluidi in pressione Scarica BIM,https://fitt-cdn.thron.com/delivery/public/image/fitt/506a7c97-48ea-4560-a930-65afa7671a15/pf4brg/std/1000x1000/FITT%20Blutech.jpg?scalemode=centered,https://www.fitt.com/it/product/fitt_blutech/
FITT Agroflex UV-R Superelastic,FITT,Flessibile e resistente FITT Agroflex UV-R Superelastic è il tubo ideale per essere installato su macchinari agricoli per la fertilizzazione. Liscio internamente ed esternamente.,https://fitt-cdn.thron.com/delivery/public/image/fitt/433b91fe-3026-4229-9c46-c6c31d316e5d/pf4brg/std/1000x1000/FITT_Agroflex_Xtreme?scalemode=centered&format=auto,https://www.fitt.com/it/product/fitt_agroflex_uvr_superelastic/
FITT Agroflex Multipurpose MDS,FITT,"Flessibile e resistente FITT AGROFLEX MULTIPURPOSE MDS è il tubo ideale per l'aspirazione di liquidi mediante pompe. Adatto per l'uso nell'agricoltura e nella cantieristica edile per l'aspirazione da fossati, lo svuotamento di scavi e cantine, e il trasporto di liquidi. Può essere installato sia su stazioni fisse che su automezzi mobili.",https://fitt-cdn.thron.com/delivery/public/image/fitt/cf7ffc08-7a58-4d84-8b0c-02d1a7b91cca/pf4brg/std/1000x1000/FITT_Agroflex_Multipurpose_MDS_Hose?scalemode=centered&format=auto,https://www.fitt.com/it/product/fitt_agroflex_multipurpose_mds/
FITT Sewer ICE,FITT,La soluzione tecnica adatta a soddisfare tutte le esigenze applicative dei sistemi di fognatura a gravità e in pressione per il trasporto di liquidi.,https://fitt-cdn.thron.com/delivery/public/image/fitt/656a046d-5692-416e-99a2-7dff456f37f6/pf4brg/std/1000x1000/FITT_Sewer_ICE_Render?scalemode=centered&format=auto,https://www.fitt.com/it/product/fitt_sewer_ice/
FITT Stiltek Food,FITT,"Certificato per i liquidi alimentari con tenore alcolico fino a 50% vol, FITT Stiltek Food è un tubo unico con doppio rinforzo realizzato per resistere ad alte pressioni in mandata e al vuoto nella fase di aspirazione",https://fitt-cdn.thron.com/delivery/public/image/fitt/0fcb8bee-c76a-4bea-9956-b5e7b17de53c/xhlovn/std/1000x1000/fitt-stiltek-food-render,https://www.fitt.com/it/product/fitt_stiltek_food/
FITT Goldtek,FITT,"Dotato di una buona flessibilità alle basse temperature e di una buona resistenza alla pressione, FITT Goldtek è ideale per un uso prolungato.",https://fitt-cdn.thron.com/delivery/public/image/fitt/98aaa611-4f0d-48bc-bf64-99daea11321e/pf4brg/std/1000x1000/FITT_Goldetk_render?scalemode=centered&format=auto,https://www.fitt.com/it/product/fitt_goldtek/
FITT Goldtek Pro,FITT,"Estremamente flessibile alle basse temperature, FITT Goldtek Pro è un tubo robusto e con portata elevata. È adatto per usi prolungati e gravosi in ambienti industriali. Particolarmente resistente alla pressione e alla dilatazione al passaggio dell'acqua, grazie alla doppia magliatura NTS PLUS, che garantisce stabilità dimensionale al tubo.",https://fitt-cdn.thron.com/api/v1/content-delivery/shares/pf4brg/contents/9a93a669-19b7-43e7-aa43-34aaf3d923dd/image/FITT_Goldetk_Pro_render?w=1000&h=1000&crop=auto&q_auto=high,https://www.fitt.com/it/product/fitt_goldtek_pro/
FITT Refittex Cristallo Plus,FITT,"Adatto anche per utilizzo in agricoltura, negli impianti di produzione industriale e con aria compressa. FITT Refittex Cristallo Plus è certificato per il passaggio di sostanze alimentari, con tenore alcolico fino a 50% vol.",https://fitt-cdn.thron.com/delivery/public/image/fitt/366eb13d-da23-4752-8ccc-ce96d8a905ba/pf4brg/std/1000x1000/FITT_Refittex_Cristallo_Plus?scalemode=centered&format=auto,https://www.fitt.com/it/product/fitt_refittex_cristallo_plus/
FITT Foglia Verde EVO,FITT,"FITT Foglia Verde EVO è il film da copertura in polietilene rigenerato di qualità idoneo per uso professionale ed hobbistico. Grazie all'introduzione di materiale post industriale, l'evoluzione della Foglia Verde standard, oltre a mantenere intatte le sue performance, è in grado di garantire una riduzione delle emissioni di CO2e del 35%. Lo spessore di 0,12 mm, più ridotto rispetto ai 0,20 mm degli altri film in commercio, consente di ottenere - a parità di peso - una superficie superiore dell’80% rispetto alle foglie comuni con un evidente risparmio. Basso spessore significa anche minor impiego di materia prima e - di conseguenza - un ridotto impatto ambientale nell’utilizzo di materia prima e nello smaltimento post-consumo.",https://fitt-cdn.thron.com/delivery/public/image/fitt/c6b4adc1-a7bc-4d3d-829b-9c8071d4e620/pf4brg/std/1000x1000/FITT_Foglie_verde_EVO_box_zoom.jpg?scalemode=centered,https://www.fitt.com/it/product/fitt_foglia_verde_evo/
FITT Revix,FITT,"Fitt Revix è il primo tubo per piscina interrata che impiega il 30% di materiale riciclato post industriale e garantisce allo stesso tempo resistenza, sicurezza e flessibilità.",https://fitt-cdn.thron.com/delivery/public/image/fitt/94a5294d-e7c9-41c3-a3a6-3aa270586b43/pf4brg/std/1000x1000/FITT_Revix_Coreshield?scalemode=centered&format=auto,https://www.fitt.com/it/product/fitt_revix/
FITT Venflex PU HD,FITT,"Altamente resistente all’abrasione, FITT Venflex PU HD è ideale per essere installato su macchinari agricoli e seminatrici. Adatto per la semina grazie al PU che lo rende resistente al passaggio di granaglie. Il PU base etere lo rende resistente all’effetto dell’idrolisi.",https://fitt-cdn.thron.com/delivery/public/image/fitt/2833aa9f-5e6c-43ee-b68b-1d8a264befaf/pf4brg/std/1000x1000/FITT_Venflex_PU_HD.jpg,https://www.fitt.com/it/product/fitt_venflexpuhd/
FITT Freel,FITT,"FITT Freel è la soluzione di FITT pensata per rendere disponibili in un'unica combinazione l'avvolgitubo, pronto ad essere connesso al rubinetto, e l'innovativo tubo compatto e leggero FITT Force. Vai al sito dedicato",https://fitt-cdn.thron.com/delivery/public/image/fitt/6c9c9f42-9b68-4da8-9ad5-f60f19777d70/pf4brg/std/1000x0/FITT-Freel-01.jpg,https://www.fitt.com/it/product/fitt_freel/
FITT NTS Eco,FITT,"FITT NTS Eco festeggia i 25 anni dall'introduzione della tecnologia No Torsion System - l'originale by FITT - ed è il primo NTS che impiega materiali innovativi, in grado di garantire maggiore malleabilità, elasticità e resistenza alle temperature estreme, a fronte di un minor impiego di materia prima. Vai al sito dedicato",https://fitt-cdn.thron.com/delivery/public/image/fitt/0d4f8029-8c91-43d7-b969-36db224a9da5/pf4brg/std/1000x0/FITT-NTS-Eco-pack-25m.jpg,https://www.fitt.com/it/product/fitt_ntseco/
FITT Refittex Ergon,FITT,"Dotato di ottima resistenza alla pressione e agli agenti atmosferici, FITT Refittex Ergon è ideale per l'utensileria pneumatica, pompaggio e compressione. Adatto alla raccordatura.",https://fitt-cdn.thron.com/delivery/public/image/fitt/e21c3f98-c683-497c-8b9f-c6bdad23c422/pf4brg/std/1000x1000/FITT-Refittex-Ergon.jpg?scalemode=centered,https://www.fitt.com/it/product/fitt_refittex_ergon/
FITT refittex 20bar Ultraflex,FITT,"Altamente flessibile anche a basse temperature, FITT Refittex 20 bar Ultraflex è ideale per compressori fino a pressioni di 20bar.",https://fitt-cdn.thron.com/delivery/public/image/fitt/ad470fc8-a306-4aec-9e66-b7005a8eee39/pf4brg/std/1000x1000/FITT-Reffitex-20-bar-Ultraflex.jpg?scalemode=centered,https://www.fitt.com/it/product/fitt_refittex_20bar_ultraflex/
FITT Refittex PU 20Bar,FITT,"Utilizzabile con pistole per verniciatura, aria compressa, aerografi, utensileria pneumatica in genere, FITT Refittex PU 20bar è ideale per gli avvolgitori automatici per aria compresa comunemente in uso nell'industria e nelle officine.",https://fitt-cdn.thron.com/delivery/public/image/fitt/9f877f51-656e-4948-9ab5-74d18b403921/pf4brg/std/1000x1000/FITT-Reffitex-PU-20-bar.jpg?scalemode=centered,https://www.fitt.com/it/product/fitt_refittex_pu_20bar/
FITT Refittex 20Bar C,FITT,"Ideale per sprayer, FITT Refittex 20 bar è adatto per il passaggio di soluzioni anticrittogamiche, pesticidi e fertilizzanti e per irrorazione con media pressione. Adeguato anche per i compressori.",https://fitt-cdn.thron.com/delivery/public/image/fitt/18e25c2a-935b-4f39-975d-f3c9953d277f/pf4brg/std/1000x1000/FITT-Refittex-20-bar-C.jpg?scalemode=centered,https://www.fitt.com/it/product/fitt_refittex_20bar_c/
FITT Rollcable Grey,FITT,"Rollcable Grey è un tubo corrugato per cavidotto a doppia parete in HDPE di colore grigio esternamente e nero internamente. Rollcable Grey è certificato ""Plastica Seconda Vita"" ed è conforme alla normativa CEI EN 61386-24 (ex CEI EN 50086-2-4/A1-CEI 23-46;V1).",https://fitt-cdn.thron.com/delivery/public/image/fitt/3626691d-d41b-4857-ac68-795dad217784/pf4brg/std/1000x1000/FITT-Rollcable-Grey?scalemode=centered&format=auto,https://www.fitt.com/it/product/fitt_rollcablegrey/
FITT Idro Green,FITT,"Tubo passaggio Acqua per Irrigazione da Giardino, per Uso Hobbistico leggero e poco impegnativo.",https://fitt-cdn.thron.com/delivery/public/image/fitt/ff36fa17-e439-49af-8210-6702d06d1327/pf4brg/std/1000x0/Idro%20Green%20Render.jpg,https://www.fitt.com/it/product/fitt_idrogreen/
FITT Idro Yellow,FITT,"Tubo passaggio Acqua per Irrigazione da Giardino, per Uso Hobbistico leggero e poco impegnativo.",https://fitt-cdn.thron.com/delivery/public/image/fitt/f5dc25eb-9d7e-4ad7-ae98-a1645a733d2e/pf4brg/std/1000x0/Idro-Yellow-Render.jpg,https://www.fitt.com/it/product/fitt_idroyellow/
FITT Refittex White,FITT,,https://fitt-cdn.thron.com/delivery/public/image/fitt/62f08be2-42b0-4a96-adee-a2dfae397301/pf4brg/std/1000x1000/FITT-Refittex-White.jpg?scalemode=centered,https://www.fitt.com/it/product/fitt_refittex-white/
FITT REFITTEX GAS EN 1327,FITT,"Conforme alla norma, FITT Refittex Gas EN 1327 è flessibile e resistente alle abrasioni esterne. Adatto per cannelli ossigeno-gas combustibile e aria gas combustibile (GPL/MPS).",https://fitt-cdn.thron.com/delivery/public/image/fitt/0aeb6594-c945-451b-a126-e75cfa0dd7d8/pf4brg/std/1000x1000/FITT%20Refittex%20Gas%20EN%201327.jpg?scalemode=centered,https://www.fitt.com/it/product/fitt_refittex_gas_en-1327/
FITT Refittex Gas GPL UNI 7140,FITT,"Conforme alla norma, FITT Refittex Gas GPL UNI 7140 è flessibile e resistente alle abrasioni esterne. Adatto per apparecchi alimentati con gas combustibili appartenenti alla famiglia I, II, III e per l'allacciamento delle bombole GPL. Ideale per apparecchiature domestiche, fornelli, lampade a gas e radiatori da esterno.",https://fitt-cdn.thron.com/delivery/public/image/fitt/75e649b6-ed96-4053-8ac7-3a85682a0461/pf4brg/std/1000x1000/FITT%20Refittex%20Gas%20GPL.jpg?scalemode=centered,https://www.fitt.com/it/product/fitt_refittex_gas_gpl/
FITT Refittex Gas Metano UNI 7140,FITT,"Conforme alla norma, FITT Refittex Gas Metano UNI 7140 è flessibile e adatto per l'installazione in fornelli a gas. Ideale per apparecchi alimentati con gas combustibili appartenenti alla famiglia I, II e III .",https://fitt-cdn.thron.com/delivery/public/image/fitt/0c5a9140-f6e3-40ff-8903-4cb5168d0a0f/pf4brg/std/1000x1000/FITT%20Refittex%20Gas%20metano.jpg?scalemode=centered,https://www.fitt.com/it/product/fitt_refittex_gas_metano/
FITT Extra White,FITT,Disponibile anche nella versione trasparente.,https://fitt-cdn.thron.com/delivery/public/image/fitt/748c7ab8-90bf-41b0-b2a8-785c85bb27cc/pf4brg/std/1000x1000/FITT%20Extra%20White.jpg?scalemode=centered,https://www.fitt.com/it/product/fitt_extra-white/
FITT Refittex Cristallo C,FITT,"Conforme al Regolamento Europeo 10/2011 per il passaggio dei liquidi alimentari, FITT Refittex Cristallo C è anche ideale per il passaggio di aria compressa.",https://fitt-cdn.thron.com/delivery/public/image/fitt/85b73feb-bf61-44b8-b104-72e61221d634/pf4brg/std/1000x1000/FITT%20Refittex%20Cristallo%20C.jpg?scalemode=centered,https://www.fitt.com/it/product/fitt_refittex_cristallo_c/
FITT refittex gas EN 16436,FITT,"Conforme alla norma, FITT Refittex Gas EN 16436 è flessibile e resistente alle abrasioni esterne, per utilizzo con propano, butano commerciale e loro miscele. Adatto anche per lampade a gas e radiatori da esterno.",https://fitt-cdn.thron.com/delivery/public/image/fitt/40263469-d698-40bc-99d4-914cb0ad6fa0/pf4brg/std/1000x1000/FITT_Refittex_Gas_EN_16436-1?scalemode=centered&format=auto,https://www.fitt.com/it/product/fitt_refittex_gas_en-16436-1/
FITT Rain G165: sistema grondaia facile da assemblare,FITT,,,https://www.fitt.com/it/fitt-rain-g165/
FITT Rain G80: sistema grondaia facile da assemblare,FITT,,,https://www.fitt.com/it/fitt-rain-g80/
FITT Aquarium,FITT,"Ideale per la connessione di filtri esterni o pompe per il ricircolo dell'acqua, FITT Aquarium è adatto anche per svuotare e rimpiere l'acquario durante la pulizia.",https://fitt-cdn.thron.com/delivery/public/image/fitt/7071fea0-8284-4cf4-8d0e-ad4bc67714bf/pf4brg/std/1000x1000/FITT%20Aquarium.jpg?scalemode=centered,https://www.fitt.com/it/product/fitt_aquarium/
FITT Force Carbon Neutral,FITT,"FITT Force è un tubo da giardino leggero, compatto ed estremamente resistente per usi intensivi in grandi orti, giardini estesi e superfici abrasive con alto rischio di foratura. Vai al sito dedicato",https://fitt-cdn.thron.com/delivery/public/image/fitt/ce12c2cc-ec0a-4377-a725-50399602f4b2/pf4brg/std/1000x0/FITT-Force-Carbon-Neutral.jpg,https://www.fitt.com/it/product/fitt_force_carbon_neutral/
FITT Rain C140: sistema grondaia facile da assemblare,FITT,,,https://www.fitt.com/it/fitt-rain-c140/
FITT Rain G125: sistema grondaia facile da assemblare,FITT,,,https://www.fitt.com/it/fitt-rain-g125/
FITT Rollcom,FITT,Rollcom è un tubo per telecomunicazioni corrugato a doppia parete HDPE di colore blu esternamente ed internamente realizzato per la protezione di cavi elettrici (bassa tensione) e telefonici.,https://fitt-cdn.thron.com/delivery/public/image/fitt/02cdb155-18e7-45bf-bb9a-33f60c6bf5bc/pf4brg/std/1000x1000/FITT-Rollcom.jpg?scalemode=centered,https://www.fitt.com/it/product/fitt_rollcom/
FITT Agix,FITT,"La qualità dell’aria negli ambienti interni è fondamentale per la salute ed il benessere delle persone: nei Paesi sviluppati la popolazione passa infatti il 90% del proprio tempo in ambienti indoor. L’aria indoor può essere più inquinata rispetto a quella outdoor perché agli inquinanti esterni, che vengono intrappolati e accumulati, si aggiungono gli inquinanti chimici propri delle abitazioni e i contaminanti biologici generati dall’uomo. Per questi motivi FITT ha sviluppato FITT Agix®, il primo sistema di distribuzione e diffusione VMC certificato da Kiwa secondo la norma europea EN 17192:2019. Di recente introduzione, la norma europea EN 17192 è la prima dedicata alle condotte non metalliche per la ventilazione negli edifici residenziali e ridisegna l’approccio all’intero sistema di distribuzione, Vai al sito dedicato",https://fitt-cdn.thron.com/delivery/public/image/fitt/99ecbbc5-d3af-44d7-95d9-6d11a7703c58/pf4brg/std/1000x1000/FITT-Agix.jpg?scalemode=centered,https://www.fitt.com/it/product/fitt_agix/
FITT Bluforce RJ,FITT,L’innovativo sistema di tubazioni in lega polimerica antisfilamento PVC-A (PVC-HI)* di ultima generazione completo delle nuove curve ad ampio raggio. Scarica BIMVai al sito dedicatovedi l'app,https://fitt-cdn.thron.com/delivery/public/image/fitt/4282dd51-6798-48eb-93e7-8b4b93671862/pf4brg/std/1000x1000/FITT%20Bluforce%20RJ.jpg?scalemode=centered,https://www.fitt.com/it/product/fitt_bluforce_rj/
FITT Red,FITT,"Tubo in PVC rigido spessorato, bicchiere ad incollaggio, per scarichi civili ed industriali a bassa temperatura.",https://fitt-cdn.thron.com/delivery/public/image/fitt/4600b9db-1dd0-4e80-b9a8-b8d4fd676d08/pf4brg/std/1000x1000/FITT-Red.jpg?scalemode=centered,https://www.fitt.com/it/product/fitt_red/
FITT Revolution,FITT,Tubo in PVC rigido a parete compatta SN2 per scarichi all’interno dei fabbricati testato IIP antifiamma Euroclasse E secondo la norma EN 13501 e conforme al D.M. n. 174 del 06/04/2004 e al D.M. del 21/03/1973.,https://fitt-cdn.thron.com/delivery/public/image/fitt/80681dd5-d0de-4fbc-ab92-59ed5bb6063d/pf4brg/std/1000x1000/FITT-Revolution.jpg?scalemode=centered,https://www.fitt.com/it/product/fitt_revolution/
FITT Rolldrain,FITT,Rolldrain è un tubo per drenaggio corrugato a doppia parete fessurato in HDPE di colore verde esternamente e nero internamente dedicato al drenaggio di terreni agricoli e per uso civile.,https://fitt-cdn.thron.com/delivery/public/image/fitt/a10300fc-4284-4c25-9171-3f961d6dae43/pf4brg/std/1000x1000/FITT-Rolldrain.jpg?scalemode=centered,https://www.fitt.com/it/product/fitt_rolldrain/
FITT Yoyo Up,FITT,Vai al sito dedicato,https://fitt-cdn.thron.com/delivery/public/image/fitt/317478c6-ab73-4225-beec-cb431d13e9b8/pf4brg/std/1920x0/8011963769790,https://www.fitt.com/it/product/fitt_yoyo_up/
FITT Drain,FITT,"Tubo in PVC rigido a norma UNI EN 1329, bicchiere ad incollaggio, per scarichi civili e industriali a bassa ed alta temperatura. Scarica BIM",https://fitt-cdn.thron.com/delivery/public/image/fitt/f515fb93-89ea-4e35-a8eb-37a2463f7077/pf4brg/std/1000x1000/FITT-Drain.jpg?scalemode=centered,https://www.fitt.com/it/product/fitt_drain/
FITT Sewer EVO,FITT,"Performance elevate garantite dal sistema di giunzione integrato al tubo e conformità alle specifiche tecniche previste dai Criteri Ambientali Minimi (CAM), regolamentati dal D.M. 256 del 23.06.22 (CAM Edilizia) e dal D.M. 279 del 05.08.2024 (CAM Strade). Scarica BIM",https://fitt-cdn.thron.com/delivery/public/image/fitt/2e39adab-2485-499f-9544-69cc70db5413/pf4brg/std/1000x1000/FITT%20Sewer%20Evo.jpg?scalemode=centered,https://www.fitt.com/it/product/fitt_sewer_evo/
FITT Flat HD,FITT,"Ideale per gli sprinkler, FITT Flet HD è adatto per l'irrigazione e per il passaggio di acqua in pressione. Vai al sito dedicato",https://fitt-cdn.thron.com/delivery/public/image/fitt/0e84a06b-4f1e-4a57-a02f-afa702a31b9d/pf4brg/std/1000x1000/FITT%20Flat%20HD%20.jpg?scalemode=centered,https://www.fitt.com/it/product/fitt_flat_hd_dn/
FITT Flat LD,FITT,"Ideale per mandata di sistemi goccia a goccia, FITT Flat LD è adatto per il passaggio di fluidi in bassa pressione.",https://fitt-cdn.thron.com/delivery/public/image/fitt/bb7665d5-6f7b-471c-8b63-dd2a67bcb571/pf4brg/std/1000x1000/FITT%20Flat%20LD%20.jpg?scalemode=centered,https://www.fitt.com/it/product/fitt_flat_ld_dn/
FITT NTS Yellow Kit,FITT,"Tubo di colore giallo brillante per Irrigazione da Giardino, Robusto e Malleabile, per Uso Intensivo, con Lancia Regolabile e Raccordi, con Tecnologie NTS e SKY TECH.",https://fitt-cdn.thron.com/delivery/public/image/fitt/667967ff-7404-4fae-bd44-9827753945d8/pf4brg/std/1000x0/FITT%20NTS%20Yellow%20Render.jpg,https://www.fitt.com/it/product/fitt_ntsyellow_kit/
FITT Oilflex,FITT,"Realizzato con una speciale formulazione resistente agli oli, FITT Oilflex è ideale per il travaso di oli e carburanti da autocisterne e serbatoi di stoccaggio.",https://fitt-cdn.thron.com/delivery/public/image/fitt/5f2565fa-c47f-4d38-95b0-3c27051713e8/pf4brg/std/1000x1000/FITT%20Oilflex%20.jpg?scalemode=centered,https://www.fitt.com/it/product/fitt_oilflex/
FITT Pure,FITT,"Certificato presso il laboratorio tedesco Kiwa GmbH, FITT Pure rispetta le più stringenti normative tedesche ed europee per l'acqua potabile e l’industria alimentare. Adatto anche per essere installato nelle spillatrici di birrerie, manifestazioni ed eventi. Tubo atossico e con brevetto plasticizer free, estremamente flessibile e resistente.",https://fitt-cdn.thron.com/delivery/public/image/fitt/fc7fc356-8321-4eb8-9c31-ccfd19eab573/pf4brg/std/1000x1000/FITT%20Pure.jpg?scalemode=centered,https://www.fitt.com/it/product/fitt_pure/
FITT Yoyo Go,FITT,Vai al sito dedicato,https://fitt-cdn.thron.com/delivery/public/image/fitt/be4decaa-ffd4-4656-8f46-88264a918519/pf4brg/std/1920x0/8011963769752,https://www.fitt.com/it/product/fitt_yoyo_go/
FITT NTS Water,FITT,"Tubo di colore grigio, per Irrigazioni prolungate in Giardino, idoneo per uso frequente ed intensivo in agricolture o nel florovivaismo, Molto Robusto e Flessibile anche a temperature rigide, per un Uso Professionale ma anche per il Fai da Te intenso e robusto, con Tecnologie NTS e SKY TECH.",https://fitt-cdn.thron.com/delivery/public/image/fitt/645eb49e-2c9f-4b2d-a675-f51e6aa8a27e/pf4brg/std/1000x0/FITT-NTS-Water-Render.jpg,https://www.fitt.com/it/product/fitt_ntswater/
FITT NTS Work,FITT,"Tubo di colore arancio intenso ad alta visibilità, per passaggio acqua nei Cantieri Edili, Molto Robusto e Flessibile anche a temperature rigide, per un Uso Professionale ma anche per il Fai da Te intenso e robusto, con Tecnologie NTS e SKY TECH Vai al sito dedicato",https://fitt-cdn.thron.com/delivery/public/image/fitt/ba2b8fdc-4c99-4727-a478-964cd30c7513/pf4brg/std/1000x0/FITT%20NTS%20Work%20Render.jpg,https://www.fitt.com/it/product/fitt_ntswork/
FITT NTS Work Kit,FITT,"Tubo di colore arancio intenso ad alta visibilità, per passaggio acqua nei Cantieri Edili, Molto Robusto e Flessibile anche a temperature rigide, per un Uso Professionale ma anche per il Fai da Te intenso e robusto, con Pistola Multigetto e Raccordi, con Tecnologie NTS e SKY TECH.",https://fitt-cdn.thron.com/delivery/public/image/fitt/ba2b8fdc-4c99-4727-a478-964cd30c7513/pf4brg/std/1000x0/FITT%20NTS%20Work%20Render.jpg,https://www.fitt.com/it/product/fitt_ntswork_kit/
FITT NTS Yellow,FITT,"Tubo di colore giallo brillante per Irrigazione da Giardino, Robusto e Malleabile, per Uso Intensivo, con Tecnologie NTS e SKY TECH. Vai al sito dedicato",https://fitt-cdn.thron.com/delivery/public/image/fitt/667967ff-7404-4fae-bd44-9827753945d8/pf4brg/std/1000x0/FITT%20NTS%20Yellow%20Render.jpg,https://www.fitt.com/it/product/fitt_ntsyellow/
FITT NTS Orange Kit,FITT,"Tubo di colore giallo intenso per Irrigazione da Giardino, Robusto e Malleabile, per Uso Intensivo, con Pistola Multigetto e Raccordi, con Tecnologie NTS e SKY TECH.",https://fitt-cdn.thron.com/delivery/public/image/fitt/81aa545a-e691-4bc3-8fd7-f1e19091bd6f/pf4brg/std/1000x0/FITT%20NTS%20Orange%20Render.jpg,https://www.fitt.com/it/product/fitt_ntsorange_kit/
FITT NTS Tobby Kit,FITT,"Tubo di colore giallo per Irrigazione da Giardino, Malleabile, per Uso Intensivo anche in agricolture, con Lancia Regolabile e Raccordi, con Tecnologia NTS.",https://fitt-cdn.thron.com/delivery/public/image/fitt/45a43ff4-00d7-4cae-84fd-e4a3c8558b95/pf4brg/std/1000x0/FITT%20NTS%20Tobby%20Render.jpg,https://www.fitt.com/it/product/fitt_ntstobby_kit/
FITT NTS Jeans Kit,FITT,"Tubo di colore azzurro intenso per Irrigazione da Giardino, Robusto e Malleabile, per Uso Intensivo, con Pistola Multigetto e Raccordi, con Tecnologie NTS e SKY TECH.",https://fitt-cdn.thron.com/delivery/public/image/fitt/ccdca6ef-4187-4e5d-95b5-1c738655666a/pf4brg/std/1000x0/FITT%20NTS%20Jeans%20Render.jpg,https://www.fitt.com/it/product/fitt_ntsjeans_kit/
FITT NTS Marine,FITT,"FITT NTS Marine è il tubo dall’elegante colore bianco con bande azzurre, che ricorda il mare, ideale per imbarcazioni, darsene, marine e porti. Realizzato con due speciali formulazioni, una anti-UV che ne previene l’invecchiamento, e una che lo rende idoneo per il contatto con l’acqua salata, FITT NTS Marine può essere utilizzato anche nelle piscine e negli impianti sportivi. Elevate performance garantite grazie all’unica ed originale tecnologia NTS (No Torsion System) sviluppata da FITT venticinque anni fa e diventata oggi standard internazionale. Il No Torsion System assicura a FITT NTS MARINE un’elevata malleabilità e facilità di utilizzo che impedisce la formazione di nodi e torsioni, garantendo così un flusso d’acqua continuo. Grazie alla tecnologia SKY TECH, FITT NTS MARINE è in grado di resistere a tagli e abrasioni e di scorrere su tutte le superfici, anche negli angoli. Vai al sito dedicato",https://fitt-cdn.thron.com/delivery/public/image/fitt/7be09d81-7384-41ea-853a-f08f22a70de5/pf4brg/std/1000x0/FITT-NTS-Marine-Render.jpg,https://www.fitt.com/it/product/fitt_ntsmarine/
FITT NTS Master Plus,FITT,"Tubo di colore grigio, per Irrigazione da Giardino, Robusto e Super Malleabile anche a temperature rigide, per Uso Molto Intensivo e Professionale, con Tecnologie NTS e SKY TECH. Vai al sito dedicato",https://fitt-cdn.thron.com/delivery/public/image/fitt/7b4044a3-5b1a-4f22-bdc7-703b838c96fd/pf4brg/std/1000x0/FITT-NTS-Masterplus-Render.jpg,https://www.fitt.com/it/product/fitt_ntsmasterplus/
FITT NTS Master Plus Kit,FITT,"Tubo di colore grigio, per Irrigazione da Giardino, Robusto e Super Malleabile anche a temperature rigide, per Uso Molto Intensivo e Professionale, con Pistola Multigetto e Raccordi, con Tecnologie NTS e SKY TECH. Vai al sito dedicato",https://fitt-cdn.thron.com/api/v1/content-delivery/shares/pf4brg/contents/a45ba682-deea-477b-815b-0ea098acad5b/image/FITT_NTS_Masterplus_Kit?w=1000&h=1000&crop=auto&q_auto=high,https://www.fitt.com/it/product/fitt_ntsmasterplus_kit/
FITT Noir Kit,FITT,"Tubo passaggio Acqua per Irrigazione da Giardino, per Uso Hobbistico con Lancia e Raccordi",https://fitt-cdn.thron.com/delivery/public/image/fitt/281ccc35-2f9d-4fa0-96d8-254959043b74/pf4brg/std/1000x0/FITT%20Noir%20Render.jpg,https://www.fitt.com/it/product/fitt_noir_kit/
FITT NTS Grey,FITT,"Tubo di colore grigio per Irrigazione da Giardino, Robusto e Malleabile, per Uso Intensivo, con Tecnologie NTS e SKY TECH. Vai al sito dedicato",https://fitt-cdn.thron.com/delivery/public/image/fitt/08d53a09-606c-4dff-9516-27236d5c2591/pf4brg/std/1000x0/FITT%20NTS%20Grey%20Render.jpg,https://www.fitt.com/it/product/fitt_ntsgrey/
FITT NTS Grey Kit,FITT,"Tubo di colore grigio per Irrigazione da Giardino, Robusto e Malleabile, per Uso Intensivo, con Lancia Regolabile e Raccordi, con Tecnologie NTS e SKY TECH. Vai al sito dedicato",https://fitt-cdn.thron.com/delivery/public/image/fitt/08d53a09-606c-4dff-9516-27236d5c2591/pf4brg/std/1000x0/FITT%20NTS%20Grey%20Render.jpg,https://www.fitt.com/it/product/fitt_ntsgrey_kit/
FITT Multiflex Xtreme,FITT,"Estremamente flessibile alle basse temperature e adeguato ai climi rigidi, FITT Multiflex Xtreme è ideale per aspirazione e mandata di liquami, ed è adatto per essere installato in carri botte, automezzi per spurghi fognatura e pozzi neri.",https://fitt-cdn.thron.com/delivery/public/image/fitt/d64e254b-34db-4c9b-ab7d-ceb1240ffa70/pf4brg/std/1000x1000/FITT%20Multiflex%20Xtreme.jpg?scalemode=centered,https://www.fitt.com/it/product/fitt_multiflex_xtreme/
FITT Multiflex Xtreme Wire,FITT,"Dotato di filo di rame per la messa a terra, che garantisce proprietà antistatiche, FITT Multiflex Xtreme Wire è ideale per il trasporto di granaglie e di materiale solido che può determinare la formazione di cariche elettrostatiche.",https://fitt-cdn.thron.com/delivery/public/image/fitt/ddbe3923-56a9-449b-b8e4-91fd76a9c4f7/pf4brg/std/1000x1000/FITT%20Multiflex%20Xtreme%20Wire.jpg?scalemode=centered,https://www.fitt.com/it/product/fitt_multiflex_xtreme_wire/
FITT Noir,FITT,"Tubo passaggio Acqua per Irrigazione da Giardino, per Uso Hobbistico",https://fitt-cdn.thron.com/delivery/public/image/fitt/281ccc35-2f9d-4fa0-96d8-254959043b74/pf4brg/std/1000x0/FITT%20Noir%20Render.jpg,https://www.fitt.com/it/product/fitt_noir/
FITT Mimosa Kit,FITT,"Tubo passaggio Acqua per Irrigazione da Giardino e in ambito Agricolo, Molto Robusto, per Uso Semi-professionale con Lancia e Raccordi",https://fitt-cdn.thron.com/delivery/public/image/fitt/74893973-8195-44e7-a2f8-f28772d4cbaa/pf4brg/std/1000x0/FITT%20Mimosa%20render.jpg,https://www.fitt.com/it/product/fitt_mimosa_kit/
FITT Mint,FITT,"Tubo passaggio Acqua per Irrigazione da Giardino, per Uso Hobbistico",https://fitt-cdn.thron.com/delivery/public/image/fitt/5ba2b06e-31a2-4aa9-a0d6-3ea34c8c1eef/pf4brg/std/1000x0/FITT%20Mint%20render.jpg,https://www.fitt.com/it/product/fitt_mint/
FITT Mint Kit,FITT,"Tubo passaggio Acqua per Irrigazione da Giardino, per Uso Hobbistico con Lancia e Raccordi",https://fitt-cdn.thron.com/delivery/public/image/fitt/5ba2b06e-31a2-4aa9-a0d6-3ea34c8c1eef/pf4brg/std/1000x0/FITT%20Mint%20render.jpg,https://www.fitt.com/it/product/fitt_mint_kit/
FITT Lily Kit,FITT,"Tubo passaggio Acqua per Irrigazione da Giardino, Flessibile, per Uso Frequente con Lancia e Raccordi",https://fitt-cdn.thron.com/delivery/public/image/fitt/f77565d8-74eb-442f-bed6-c6363a793be1/pf4brg/std/1000x0/FITT%20Lily%20kit.jpg,https://www.fitt.com/it/product/fitt_lily_kit/
FITT Metalflex,FITT,"Certificato per i liquidi alimentari, FITT Metalflex è ideale per il passaggio di fluidi. Adatto anche per i sistemi di raffredamento e per lo scarico di acque di sentina, è resistente al vuoto con aria e resine. Il passo ridotto della spirale garantisce un ottimo raggio di curvatura.",https://fitt-cdn.thron.com/delivery/public/image/fitt/c286cc37-0bff-47cb-800e-7ce853ede8f1/pf4brg/std/1000x1000/FITT%20Metalflex.jpg?scalemode=centered,https://www.fitt.com/it/product/fitt_metalflex/
FITT Flora Kit,FITT,"Tubo passaggio Acqua per Irrigazione da Giardino, Flessibile, per Uso Intensivo con Lancia e Raccordi",https://fitt-cdn.thron.com/delivery/public/image/fitt/f231c5bf-9b3f-4b3c-9494-6958c23d8fef/pf4brg/std/1000x0/FITT%20Flora%20render.jpg,https://www.fitt.com/it/product/fitt_flora_kit/
FITT Force,FITT,"FITT Force coniuga un'innovativa tecnologia che garantisce elevata resistenza alle varie sollecitazioni unita ad un'eccezionale leggerezza, a dei materiali altamente evoluti: il prodotto risulta estremamente compatto e quindi facile da utilizzare anche nelle situazioni più estreme. È un tubo adatto sia ad un uso intensivo perfetto per grandi giardini ed attività di irrigazione; sia per un utilizzo quotidiano e domestico. Vai al sito dedicato",https://fitt-cdn.thron.com/delivery/public/image/fitt/8eaa9cf5-4fa1-48ea-8ddc-5687ef5a8a5c/pf4brg/std/1000x0/FITT-Force-Grey-pack.jpg,https://www.fitt.com/it/product/fitt_force/
FITT Ikon,FITT,"FITT presenta un’innovativa tecnologia che garantisce elevata resistenza alle varie sollecitazioni unita ad un’eccezionale leggerezza. Grazie ai materiali altamente evoluti il prodotto risulta estremamente compatto, leggero e maneggevole. FITT Ikon è ideale per gli spazi ridotti, come piccoli terrazzi, balconi, e grazie al sistema Aquastop, che previene le perdite d’acqua, può essere comodamente utilizzato all’interno della propria abitazione. Vai al sito dedicato",https://fitt-cdn.thron.com/api/v1/content-delivery/shares/pf4brg/contents/c559b5d5-4c7c-4acf-b113-564158b0efb4/image/FITT_Ikon_Blu?w=1000&h=1000&crop=auto&q_auto=high,https://www.fitt.com/it/product/fitt_ikon/
FITT Lily,FITT,"Tubo passaggio Acqua per Irrigazione da Giardino, Flessibile, per Uso Frequente Vai al sito dedicato",https://fitt-cdn.thron.com/delivery/public/image/fitt/be2c721e-8995-4604-99cd-30c84449a680/pf4brg/std/1000x0/FITT%20Lily%20render.jpg,https://www.fitt.com/it/product/fitt_lily/
FITT Daisy Green Kit,FITT,"Tubo passaggio Acqua per Irrigazione da Giardino, Flessibile, per Uso Leggero con Lancia e Raccordi",https://fitt-cdn.thron.com/delivery/public/image/fitt/399bc121-48df-4c69-a58e-77566015516c/pf4brg/std/1000x0/FITT%20Daisy%20Green%20render.jpg,https://www.fitt.com/it/product/fitt_daisy_green_kit/
FITT Diamond,FITT,"Realizzato con speciali elastomeri assorbi-odore, che garantiscono la totale assenza di cattivi odori nell'ambiente, FITT Diamond è privo di spirale in metallo per un taglio facile e una rapida raccordatura.",https://fitt-cdn.thron.com/delivery/public/image/fitt/019ec40a-a1f4-46a4-b8bb-6f5565817cd1/pf4brg/std/1000x1000/FITT%20Diamond.jpg?scalemode=centered,https://www.fitt.com/it/product/fitt_diamond/
FITT Flora,FITT,"Tubo passaggio Acqua per Irrigazione da Giardino, Flessibile, per Uso Intensivo",https://fitt-cdn.thron.com/delivery/public/image/fitt/f231c5bf-9b3f-4b3c-9494-6958c23d8fef/pf4brg/std/1000x0/FITT%20Flora%20render.jpg,https://www.fitt.com/it/product/fitt_flora/
FITT Daisy Kit,FITT,"Tubo passaggio Acqua per Irrigazione da Giardino, Flessibile, per Uso Leggero con Lancia e Raccordi",https://fitt-cdn.thron.com/delivery/public/image/fitt/c48710b7-365a-4cc5-a714-25c4435889f2/pf4brg/std/1000x0/FITT%20Daisy%20render.jpg,https://www.fitt.com/it/product/fitt_daisy_kit/
FITT Daisy Green,FITT,"Tubo passaggio Acqua per Irrigazione da Giardino, Flessibile, per Uso Leggero",https://fitt-cdn.thron.com/delivery/public/image/fitt/399bc121-48df-4c69-a58e-77566015516c/pf4brg/std/1000x0/FITT%20Daisy%20Green%20render.jpg,https://www.fitt.com/it/product/fitt_daisy_green/
FITT Blusky,FITT,"FITT Blu Sky® è l’innovativa foglia in polietilene per massetti con elevato potere di barriera al vapore, resistente allo strappo, alla lacerazione e alla puntura. Grazie a competenze tecniche approfondite e a tecnologie produttive all’avanguardia, FITT BluSky® garantisce standard qualitativi molto elevati ed assicura un’estrema praticità in fase di posa in opera per effetto della sua maggiore elasticità.",https://fitt-cdn.thron.com/delivery/public/image/fitt/86e2929d-1b15-4045-af42-38eca9379ac5/pf4brg/std/1000x1000/FITT-Blu-Sky.jpg?scalemode=centered,https://www.fitt.com/it/product/fitt_blusky/
FITT Captive Grey,FITT,"Realizzato con una speciale formulazione assorbi-odore, FITT Captive Grey è flessibile, resistente allo schiacciamento e alle basse temperature.",https://fitt-cdn.thron.com/delivery/public/image/fitt/ec6bd5fc-c965-4a75-91c1-9ad14ecacf32/pf4brg/std/1000x1000/FITT%20Captive%20Grey.jpg?scalemode=centered,https://www.fitt.com/it/product/fitt_captivegrey/
FITT Daisy,FITT,"Tubo passaggio Acqua per Irrigazione da Giardino, Flessibile, per Uso Leggero",https://fitt-cdn.thron.com/delivery/public/image/fitt/c48710b7-365a-4cc5-a714-25c4435889f2/pf4brg/std/1000x0/FITT%20Daisy%20render.jpg,https://www.fitt.com/it/product/fitt_daisy/
FITT Agave,FITT,"Tubo passaggio Acqua per Irrigazione da Giardino, Robusto, per Uso Frequente.",https://fitt-cdn.thron.com/delivery/public/image/fitt/442d933b-b57f-47c3-982e-5b621a58f6f7/pf4brg/std/1000x0/FITT%20Agave%20render.jpg,https://www.fitt.com/it/product/fitt_agave/
FITT Agave Kit,FITT,"Tubo passaggio Acqua per Irrigazione da Giardino, Robusto, per Uso Frequente con Lancia e Raccordi Vai al sito dedicato",https://fitt-cdn.thron.com/delivery/public/image/fitt/613b469f-b9c1-4985-980e-4fb36ddd6b8e/pf4brg/std/1000x0/FITT%20Agave%20Kit.jpg,https://www.fitt.com/it/product/fitt_agave_kit/
FITT B-Active Rigid,FITT,"Resistente agli urti dovuti a movimentazione incauta e adattabile ai movimenti del terreno, FITT B-Active Rigid assicura la piscina dalla fase di costruzione e per tutto il suo utilizzo. Vai al sito dedicato",https://fitt-cdn.thron.com/delivery/public/image/fitt/9aa65c37-6882-4e09-b996-4c03c6b6100e/pf4brg/std/1000x1000/FITT%20B-Active%20Rigid.jpg?scalemode=centered,https://www.fitt.com/it/product/fitt_bactive_rigid/
FITT Venflex PU LD,FITT,"Nei diametri grandi, FITT Venflex PU LD è adatto all’aspirazione di polveri abrasive e fumi contenenti oli. Nei diametri piccoli, è ideale per l’aspirazione di polveri sottili, per l’installazione su macchine di raccolta fibre e su macchinari che aspirano ozono.",https://fitt-cdn.thron.com/delivery/public/image/fitt/f0b36705-e289-44fd-b79b-bdd49b98fb1c/pf4brg/std/1000x1000/FITT%20Venflex%20PU%20LD.jpg?scalemode=centered,https://www.fitt.com/it/product/fitt_venflex_pu_ld/
FITT Mimosa,FITT,"Tubo passaggio Acqua per Irrigazione da Giardino e in ambito Agricolo, Molto Robusto, per Uso Semi-professionale",https://fitt-cdn.thron.com/delivery/public/image/fitt/74893973-8195-44e7-a2f8-f28772d4cbaa/pf4brg/std/1000x0/FITT%20Mimosa%20render.jpg,https://www.fitt.com/it/product/fitt_mimosa/
FITT Yoyo Bag,FITT,Vai al sito dedicato,https://fitt-cdn.thron.com/delivery/public/image/fitt/be4decaa-ffd4-4656-8f46-88264a918519/pf4brg/std/1920x0/8011963761688,https://www.fitt.com/it/product/fitt_yoyo_bag/
FITT Superelastic,FITT,"Ideale anche per alimentare laghetti, FITT Superelastic è adatto per l'aspirazione e mandata in bassa pressione.",https://fitt-cdn.thron.com/delivery/public/image/fitt/76d6a4e0-b317-411b-a981-d1e7a8fc9463/pf4brg/std/1000x1000/FITT%20Superelastic.jpg?scalemode=centered,https://www.fitt.com/it/product/fitt_superelastic/
FITT Supergel,FITT,"Tubo per Irrigazione, per uso Hobbystico.",https://fitt-cdn.thron.com/delivery/public/image/fitt/f8fc119d-970e-4558-b137-193989cea775/pf4brg/std/1000x0/FITT-Supergel-Render.jpg,https://www.fitt.com/it/product/fitt_supergel/
FITT Profy,FITT,"Tubo passaggio Acqua, Molto Robusto, per Uso Professionale Frequente",https://fitt-cdn.thron.com/delivery/public/image/fitt/ae8a6777-3adc-4150-9830-21c8b3f6101c/pf4brg/std/1000x0/FITT-Proofy-Render.jpg,https://www.fitt.com/it/product/fitt_profy/
FITT Refittex Marine,FITT,"Disponibile nei colori blu e rosso, FITT Refittex Marine è adatto per l’adduzione dell’acqua calda e fredda.",https://fitt-cdn.thron.com/delivery/public/image/fitt/db8dd253-b3b3-425a-9ccf-a6018005c104/pf4brg/std/1000x1000/FITT%20Refittex%20%20Marine.jpg?scalemode=centered,https://www.fitt.com/it/product/fitt_refittex_marine/
FITT NTS Tobby,FITT,"Tubo di colore giallo per Irrigazione da Giardino, Malleabile, per Uso Intensivo anche in agricolture, con Tecnologia NTS Vai al sito dedicato",https://fitt-cdn.thron.com/delivery/public/image/fitt/45a43ff4-00d7-4cae-84fd-e4a3c8558b95/pf4brg/std/1000x0/FITT%20NTS%20Tobby%20Render.jpg,https://www.fitt.com/it/product/fitt_ntstobby/
FITT Pluvio,FITT,"Tubo manichetta ideale per Irrigare a Getto superfici strette e lunghe, come aiuole e bordature, per uso Semi Professionale. Vai al sito dedicato",https://fitt-cdn.thron.com/delivery/public/image/fitt/5c960678-5876-4431-9600-5e83b684a15d/pf4brg/std/1000x0/FITT%20Pluvio%20Render.jpg,https://www.fitt.com/it/product/fitt_pluvio/
FITT NTS Lime,FITT,"Tubo di colore lime per Irrigazione da Giardino, Robusto e Malleabile, per Uso Intensivo, con Tecnologie NTS e SKY TECH. Vai al sito dedicato",https://fitt-cdn.thron.com/delivery/public/image/fitt/72c8aad5-1ab3-4527-830c-d3d277307811/pf4brg/std/1000x0/FITT%20NTS%20Lime%20Render.jpg,https://www.fitt.com/it/product/fitt_ntslime/
FITT NTS Orange,FITT,"Tubo di colore giallo intenso per Irrigazione da Giardino, Robusto e Malleabile, per Uso Intensivo, con Tecnologie NTS e SKY TECH. Vai al sito dedicato",https://fitt-cdn.thron.com/delivery/public/image/fitt/81aa545a-e691-4bc3-8fd7-f1e19091bd6f/pf4brg/std/1000x0/FITT%20NTS%20Orange%20Render.jpg,https://www.fitt.com/it/product/fitt_ntsorange/
FITT Multiflex PU,FITT,"Adatto per aspirazione e mandata di materiali abrasivi, FITT Multiflex PU è idoneo in tutti gli impieghi medio pesanti di edilizia, agricoltura e industria.Particolarmente resistente.",https://fitt-cdn.thron.com/delivery/public/image/fitt/ed07b714-5659-4ec7-89e2-b13b3bc1b5bf/pf4brg/std/1000x1000/FITT-Multiflex-PU.jpg?scalemode=centered,https://www.fitt.com/it/product/fitt_multiflex_pu/
FITT Multiflex PU Wire,FITT,"Dotato di filo di rame per la messa a terra, che garantisce proprietà antistatiche, FITT Multiflex PU Wire è idoneo per tutti gli impieghi medio pesanti in ambito edile, industriale e nautico.Molto resistente e ideale per la sabbiatura.",https://fitt-cdn.thron.com/delivery/public/image/fitt/2fedf0cf-2a1d-4a60-8e06-476d298421fb/pf4brg/std/1000x1000/FITT%20Multiflex%20PU%20Wire.jpg?scalemode=centered,https://www.fitt.com/it/product/fitt_multiflex_pu_wire/
FITT NTS Jeans,FITT,"Tubo di colore azzurro intenso per Irrigazione da Giardino, Robusto e Malleabile, per Uso Intensivo, con Tecnologie NTS e SKY TECH. Vai al sito dedicato",https://fitt-cdn.thron.com/delivery/public/image/fitt/ccdca6ef-4187-4e5d-95b5-1c738655666a/pf4brg/std/1000x0/FITT%20NTS%20Jeans%20Render.jpg,https://www.fitt.com/it/product/fitt_ntsjeans/
FITT Lightflex,FITT,"Flessibile e durato, FITT Lightflex è adatto per l'aspirazione a bassa temperatura di fumi e polveri e per la ventilazione.",https://fitt-cdn.thron.com/delivery/public/image/fitt/f5bc7455-48bc-4c40-9437-40c4bbdfac6a/pf4brg/std/1000x1000/FITT_Lightflex?scalemode=centered&format=auto,https://www.fitt.com/it/product/fitt_lightflex/
FITT Livelle,FITT,Tubo monostrato trasparente per Cantieri Edili.,https://fitt-cdn.thron.com/delivery/public/image/fitt/63275d7c-ddc1-4754-8218-18d855880868/pf4brg/std/1000x0/FITT%20Livelle.jpg,https://www.fitt.com/it/product/fitt_livelle/
FITT Multiflex,FITT,"Resistente all'abrasione, FITT Multiflex è ideale per aspirazione e mandata di liquami, ed è adatto per essere installato in carri botte, automezzi per spurghi fognatura e pozzi neri.",https://fitt-cdn.thron.com/delivery/public/image/fitt/fefde0d4-59e0-4148-a418-77b030a63048/pf4brg/std/1000x1000/FITT%20Multiflex.jpg?scalemode=centered,https://www.fitt.com/it/product/fitt_multiflex/
FITT Idroflex Grey and White,FITT,"Dotato di una buona flessibilità, FITT Idroflex è adatto all'incollaggio con i raccordi presenti sul mercato.",https://fitt-cdn.thron.com/delivery/public/image/fitt/e781b600-0073-4f94-99e8-b673bb44c2b1/pf4brg/std/1000x1000/FITT_Idroflex_White.jpg?scalemode=centered&format=auto,https://www.fitt.com/it/product/fitt_idroflex_white/
FITT Lightflex BK,FITT,"Ideale per l'immissione di acqua o aria nei laghetti, FITT Lightflex BK è adatto anche per ricambio e ossigenazione dell’acqua.",https://fitt-cdn.thron.com/delivery/public/image/fitt/83de6870-2448-4b95-b2e9-afb26730389e/pf4brg/std/1000x1000/FITT_Lightflex_BK?scalemode=centered&format=auto,https://www.fitt.com/it/product/fitt_lightflex_bk/
FITT B-Active Flex,FITT,"Resistente agli stress meccanici, grazie all’innovazione EVO TECH che rinforza ulteriormente la spirale (tecnologia Spiral Protection Barrier), FITT B-Active Flex è ideale per piscine interrate e spa. Vai al sito dedicato",https://fitt-cdn.thron.com/delivery/public/image/fitt/351eabf5-b1bf-4265-8cd9-1b0ae04ca768/pf4brg/std/1000x1000/FITT%20B-Active%20Flex.jpg?scalemode=centered,https://www.fitt.com/it/product/fitt_bactive_flex/
FITT Cleany Evo,FITT,"Progettato per la pulizia nell’industria alimentare e delle aziende agricole, FITT Cleany Evo è il prodotto per il passaggio dell’acqua e soluzioni per l’igienizzazione ad alta pressione, grazie alla superiore resistenza ai componenti chimici aggressivi.",https://fitt-cdn.thron.com/delivery/public/image/fitt/9312cee8-378f-4d04-bc95-e5cd660fed98/pf4brg/std/1000x1000/FITT%20Cleany%20Hose.jpg?scalemode=centered,https://www.fitt.com/it/product/fitt_cleanyhose/
fitt_cristallo_aquarium - FITT,FITT,,,https://www.fitt.com/it/product/fitt_cristallo_aquarium/
FITT Ecodrop Kit,FITT,"Tubo per Irrigazione Interrata ed in Superficie, Irrigazione localizzata a goccia, e per Innaffiare le piante in un punto preciso, per uso Hobbystico. Vai al sito dedicato",https://fitt-cdn.thron.com/delivery/public/image/fitt//0fdaf397-89cf-4864-af53-a51aebf2ace1/pf4brg/std/1000x0/FITT%20Ecodrop%20render.jpg,https://www.fitt.com/it/product/fitt_ecodrop_kit/
FITT Aliflex LD,FITT,"Flessibile e certificato, FITT Aliflex LD è ideale per l'aspirazione e mandata di liquidi alimentari in bassa pressione.",https://fitt-cdn.thron.com/delivery/public/image/fitt/c42da889-b51e-4570-a05d-984fd3973ac1/pf4brg/std/1000x1000/FITT-Aliflex-LD.jpg?scalemode=centered,https://www.fitt.com/it/product/fitt_aliflex_ld/
FITT Aspirflex,FITT,"Collegato a pompe di drenaggio e irrigazione, FITT Aspirflex può facilmente prelevare acqua da laghetti, ruscelli, pozzi e cisterne. Vai al sito dedicato",https://fitt-cdn.thron.com/delivery/public/image/fitt/bbabea06-75c1-4bd0-b7de-58a7bffe9ae8/pf4brg/std/1000x1000/FITT%20Aspirflex.jpg?scalemode=centered,https://www.fitt.com/it/product/fitt_aspirflex/
FITT Aspirflex Plus,FITT,"Collegato a pompe di drenaggio e irrigazione, FITT Aspirflex Plus è un sistema ideale per aspirazione di acqua piovana da pozzi, canali e cisterne. Vai al sito dedicato",https://fitt-cdn.thron.com/delivery/public/image/fitt/9ccaf74f-1bc5-41a8-9773-09907af710b7/pf4brg/std/1000x1000/FITT%20Aspirflex%20Plus.jpg?scalemode=centered,https://www.fitt.com/it/product/fitt_aspirflex_plus/
FITT Aspirtech,FITT,"Collegato a pompe di drenaggio e irrigazione, FITT Aspirtech è un sistema ideale per aspirazione di acqua piovana da pozzi e cisterne, può facilmente prelevare acqua da laghettii e ruscelli, anche a molti metri di profondità. Vai al sito dedicato",https://fitt-cdn.thron.com/delivery/public/image/fitt/afd7012d-bbe5-4967-87e7-415849f45ba7/pf4brg/std/1000x1000/FITT%20Aspirtech.jpg?scalemode=centered,https://www.fitt.com/it/product/fitt_aspirtech/
FITT Ecodrop,FITT,"Tubo per Irrigazione Interrata ed in Superficie, Irrigazione localizzata a goccia, e per Innaffiare le piante in un punto preciso, per uso Hobbystico. Vai al sito dedicato",https://fitt-cdn.thron.com/delivery/public/image/fitt/0fdaf397-89cf-4864-af53-a51aebf2ace1/pf4brg/std/1000x0/FITT%20Ecodrop%20render.jpg,https://www.fitt.com/it/product/fitt_ecodrop/
FITT Agroflex UVR LD,FITT,"Altamente flessibile alle basse temperature, FITT Agroflex UV-R LD è ideale per essere installato su macchine seminatrici.",https://fitt-cdn.thron.com/delivery/public/image/fitt/4ef01c83-6a9b-4685-be50-95c9774c45eb/pf4brg/std/1000x1000/FITT%20agroflex%20UV-R%20LD.jpg?scalemode=centered,https://www.fitt.com/it/product/fitt_agroflex_uvr_ld/
FITT Refittex 40Bar,FITT,"Ideale per sprayer, FITT Refittex 40bar è adatto per il passaggio di soluzioni anticrittogamiche, pesticidi e fertilizzanti e per irrorazione con media pressione. Adeguato anche per i compressori.",https://fitt-cdn.thron.com/api/v1/content-delivery/shares/pf4brg/contents/18b1cc81-2b08-4676-a2ec-263ac9bd36cf/image/FITT_Refittex_40_bar?w=1000&h=1000&crop=auto&q_auto=high,https://www.fitt.com/it/product/fitt_refittex_40bar/
FITT Refittex 80Bar,FITT,"Ideale per sprayer, FITT Refittex 80 bar è adatto per il passaggio di soluzioni anticrittogamiche, pesticidi e fertilizzanti e per irrorazione ad alta pressione. Utilizzabile anche per la pulizia e l'aria compressa.",https://fitt-cdn.thron.com/delivery/public/image/fitt/91f0cfef-2a36-46e3-83d1-39da508c58af/pf4brg/std/1000x1000/FITT%20Refittex%2080%20bar.jpg?scalemode=centered,https://www.fitt.com/it/product/fitt_refittex_80bar/
FITT Refittex Fuel,FITT,"Realizzato con una speciale formulazione resistente agli oli, FITT Refittex Fuel è ideale per il passaggio di idrocarburi non aromatici quali oli e petroli, per impieghi industriali e rifornimento di apparecchi agricoli.",https://fitt-cdn.thron.com/delivery/public/image/fitt/41fa3939-9581-4b80-b7ba-c86ade69c469/pf4brg/std/1000x1000/FITT%20Refittex%20Fuel.jpg?scalemode=centered,https://www.fitt.com/it/product/fitt_refittex_fuel/
FITT Sprizzy,FITT,"Tubo manichetta ideale per Irrigare a Getto superfici strette e lunghe, come aiuole e bordature, per uso Hobbystico. Vai al sito dedicato",https://fitt-cdn.thron.com/delivery/public/image/fitt/f69174c5-1e2b-4077-9ad0-0be4e16d66e8/pf4brg/std/1000x0/FITT%20Sprizzy%20Render.jpg,https://www.fitt.com/it/product/fitt_sprizzy/
FITT Refittex Cristallo,FITT,"Certficato per il passaggio di liquidi alimentari, con tenore alcolico fino a 50% vol, FITT Refittex Cristallo è anche ideale per il passaggio in pressione di aria e acqua di raffreddamento. Adatto anche per il passaggio di resine nei processi di termoformatura. Vai al sito dedicato",https://fitt-cdn.thron.com/delivery/public/image/fitt/c56e8deb-d20d-44fe-bce2-e449f2e6a499/pf4brg/std/1000x1000/FITT_Refittex_Cristallo?scalemode=centered&format=auto,https://www.fitt.com/it/product/fitt_refittexcristallo/
FITT Refittex 20Bar,FITT,"Ideale per compressori, FITT Refittex 20 bar è adatto per il passaggio di aria compressa, acqua, soluzioni anticrittogamiche, pesticidi e fertilizzanti.",https://fitt-cdn.thron.com/delivery/public/image/fitt/5b3fb8b2-e0cd-423a-92b5-981a71211c70/pf4brg/std/1000x1000/FITT%20Refittex%2020%20bar.jpg?scalemode=centered,https://www.fitt.com/it/product/fitt_refittex_20bar/
FITT Enoflex,FITT,"Certificato per aspirazione e mandata di liquidi alimentari, FITT Enoflex è ideale per il passaggio di vino e liquidi con tenore alcolico fino a 50% vol.",https://fitt-cdn.thron.com/delivery/public/image/fitt/909d3aed-27a5-41e4-bd5f-1b3e0f02a662/pf4brg/std/1000x1000/FITT%20Enoflex.jpg?scalemode=centered,https://www.fitt.com/it/product/fitt_enoflex/
FITT Evapool,FITT,"Dotato di manicotti e pronto all'uso, FITT Evapool è compatibile con pompe e impianti di filtraggio per la pulizia della piscina. Vai al sito dedicato",https://fitt-cdn.thron.com/api/v1/content-delivery/shares/pf4brg/contents/8837b280-0411-4416-9ad2-c7736228461d/image/FITT_Evapool_Flex?w=1000&h=1000&crop=auto&q_auto=high,https://www.fitt.com/it/product/fitt_evapool/
FITT Pastello,FITT,"Tubo per Irrigazione, per uso Hobbystico.",https://fitt-cdn.thron.com/delivery/public/image/fitt/ba4a1eb0-459d-43dc-9491-1e62a4322cb9/pf4brg/std/1000x0/FITT%20Pastello%20Render.jpg,https://www.fitt.com/it/product/fitt_pastello/
FITT Bravo,FITT,"Di colore arancione ad alta visibilità, FITT Bravo è indicato per la cantieristica e l'edilizia grazie alla robustezza, alla resistenza all'abrasione, agli agenti atmosferici e agli oli.",https://fitt-cdn.thron.com/delivery/public/image/fitt/cf7f5a69-14d3-455f-9202-3dc84ea09edc/pf4brg/std/1000x1000/FITT-Bravo.jpg?scalemode=centered,https://www.fitt.com/it/product/fitt_bravo/
FITT Cristallo Extra,FITT,"Certficato per il passaggio di liquidi alimentari con tenore alcolico fino a 50% vol, FITT Cristallo Extra è anche ideale per il passaggio in bassa pressione di aria e acqua di raffreddamento. Nei processi di termoformatura è adatto anche per il passaggio di resine in bassa pressione. Vai al sito dedicato",https://fitt-cdn.thron.com/delivery/public/image/fitt/8443bc8b-dbdb-432a-afb3-13ae96cd8052/pf4brg/std/1000x1000/FITT%20Cristallo%20Extra.jpg?scalemode=centered,https://www.fitt.com/it/product/fitt_cristalloextra/
FITT Agroflex HD,FITT,"Resistente allo schiacciamento, FITT Agroflex HD è ideale per irrigazioni e travasi.",https://fitt-cdn.thron.com/delivery/public/image/fitt/ff5bf996-9147-4ca9-b6f7-b5440e66bcc2/pf4brg/std/1000x1000/FITT%20Agroflex%20HD.jpg?scalemode=centered,https://www.fitt.com/it/product/fitt_agroflex_hd/
FITT Agroflex LD,FITT,"Dotato di una buona flessibilità, FITT Agroflex LD è ideale per travasi e irrigazione.",https://fitt-cdn.thron.com/delivery/public/image/fitt/5b472910-0a7e-4ae6-9ff7-b54fc8ede689/pf4brg/std/1000x1000/FITT%20Agroflex%20LD.jpg?scalemode=centered,https://www.fitt.com/it/product/fitt_agroflex_ld/
FITT Aliflex Medium,FITT,"Ideale per alimentare fontane e laghetti, FITT Aliflex Medium è adatto per aspirazione e mandata in bassa pressione.",https://fitt-cdn.thron.com/delivery/public/image/fitt/c71deefa-3687-44d2-b6ce-07f4f056ae45/pf4brg/std/1000x1000/FITT%20Aliflex%20Medium.jpg?scalemode=centered,https://www.fitt.com/it/product/fitt_aliflex_medium/
FITT Aliflex,FITT,"Resistente allo schiacciamento, FITT Aliflex è certificato per l'aspirazione e mandata di liquidi alimentari.",https://fitt-cdn.thron.com/delivery/public/image/fitt/c42da889-b51e-4570-a05d-984fd3973ac1/pf4brg/std/1000x1000/FITT%20Aliflex.jpg?scalemode=centered,https://www.fitt.com/it/product/fitt_aliflex/
FITT Barrier CDS,FITT,"La pellicola interna CDS in PVC protegge ermeticamente il tubo dall’aggressione delle acque clorurate, mentre la spirale rigida rivestita dalla pellicola anticracking assicura un’ottima tenuta e resistenza alle sollecitazioni del sottosuolo.",https://fitt-cdn.thron.com/delivery/public/image/fitt/c81d3ecf-554a-4335-aaec-88cc115d2d6f/pf4brg/std/1000x1000/FITT%20Barrieflex%20CDS.jpg?scalemode=centered,https://www.fitt.com/it/product/fitt_barrier_cds/
FITT Air Hose,FITT,"Completo di raccordi e attacco rapido universale, FITT Air hose è adatto per il passaggio di aria compressa. Vai al sito dedicato",https://fitt-cdn.thron.com/delivery/public/image/fitt/10a32f09-551b-4eb7-ba34-a7ba9dd6081b/pf4brg/std/1000x1000/FITT%20Air%20hose%20.jpg?scalemode=centered,https://www.fitt.com/it/product/fitt_airhose/
FITT Aeternum,FITT,"Tubo per Irrigazione, per uso Hobbystico.",https://fitt-cdn.thron.com/delivery/public/image/fitt/7405bd0f-8113-4e9f-9342-17e420fa5fe5/pf4brg/std/1000x0/FITT%20Aeternum%20Render.jpg,https://www.fitt.com/it/product/fitt_aeternum/
