name,brand,description,price,image_url,product_page_url
Sigillante siliconico Mapei Mapesil AC 310 ml (1 tubetto),Mapei,N/A,N/A,https://www.fvledilizia.it/3243-large_default/mapei-mapesil-ac-310-ml-.jpg,https://www.fvledilizia.it/collanti-sigillanti-e-resine/452-569-mapei-mapesil-ac-310-ml-.html#/180-colore_stucchi_mapei-ac_113_grigio_cemento/183-quantita-1_tubetto_310_ml
Intonaco Mapei Poromap deumificante (Sacco da 20 Kg),Mapei,N/A,N/A,https://www.fvledilizia.it/595-large_default/intonaco-mapei-poromap-deumificante-sacco-da-20-kg.jpg,https://www.fvledilizia.it/deumidificanti/337-intonaco-mapei-poromap-deumificante-sacco-da-20-kg.html
Finitura civile Mapei Poromap (Sacco da 25 Kg),Mapei,N/A,N/A,https://www.fvledilizia.it/3224-large_default/mapei-poromap-finitura-civile.jpg,https://www.fvledilizia.it/deumidificanti/338-mapei-poromap-finitura-civile.html
"Malta cementizia Mapei Keracolor GG (Sacchi da 5, 25 Kg o 4 sacchi da 5 Kg)",Mapei,N/A,N/A,https://www.fvledilizia.it/8064-large_default/malta-cementizia-mapei-keracolor-gg-sacchi-da-5-25-kg-o-4-sacchi-da-5-kg.jpg,https://www.fvledilizia.it/malte/451-9541-malta-cementizia-mapei-keracolor-gg-sacchi-da-5-25-kg-o-4-sacchi-da-5-kg.html#/112-peso-5_kg/173-colore_stucchi_mapei-gg_100_bianco
"Malta cementizia Mapei Keracolor FF (Sacco da 5, 25 Kg o 4 sacchi da 5 Kg)",Mapei,N/A,N/A,https://www.fvledilizia.it/8065-large_default/malta-cementizia-mapei-keracolor-ff-sacco-da-5-25-kg-o-4-sacchi-da-5-kg.jpg,https://www.fvledilizia.it/malte/453-9666-malta-cementizia-mapei-keracolor-ff-sacco-da-5-25-kg-o-4-sacchi-da-5-kg.html#/112-peso-5_kg/184-colore_stucchi_mapei-ff_100_bianco
Malta cementizia Mapei Planitop Rasa & Ripara (Sacco da 5 o 25 Kg),Mapei,N/A,N/A,https://www.fvledilizia.it/599-large_default/malta-cementizia-mapei-planitop-rasa-ripara-sacco-da-5-o-25-kg.jpg,https://www.fvledilizia.it/malte/339-9469-malta-cementizia-mapei-planitop-rasa-ripara-sacco-da-5-o-25-kg.html#/112-peso-5_kg
Malta premiscelata Mapei Topcem Pronto (Sacco da 25 Kg),Mapei,N/A,N/A,https://www.fvledilizia.it/3696-large_default/malta-premiscelata-mapei-topcem-pronto-sacco-da-25-kg.jpg,https://www.fvledilizia.it/malte/2114-malta-premiscelata-mapei-topcem-pronto-sacco-da-25-kg.html
Legnante Mapei Topcem (Sacco da 20 Kg),Mapei,N/A,N/A,https://www.fvledilizia.it/3698-large_default/legnante-mapei-topcem-sacco-da-20-kg.jpg,https://www.fvledilizia.it/malte/2116-legnante-mapei-topcem-sacco-da-20-kg.html
Primer Mapei Triblock P (Secchio da 5 Kg),Mapei,N/A,N/A,https://www.fvledilizia.it/3699-large_default/primer-mapei-triblock-p-secchio-da-5-kg.jpg,https://www.fvledilizia.it/malte/2117-primer-mapei-triblock-p-secchio-da-5-kg.html
Legnante Mapei Stabilcem (Sacco da 20 Kg),Mapei,N/A,N/A,https://www.fvledilizia.it/3700-large_default/legnante-mapei-stabilcem-sacco-da-20-kg.jpg,https://www.fvledilizia.it/malte/2118-legnante-mapei-stabilcem-sacco-da-20-kg.html
Adesivo Mapei Ultrabond Ms Rapid (Scatola da 12 Pz),Mapei,N/A,N/A,https://www.fvledilizia.it/3701-large_default/adesivo-mapei-ultrabond-ms-rapid-scatola-da-12-pz.jpg,https://www.fvledilizia.it/malte/2119-adesivo-mapei-ultrabond-ms-rapid-scatola-da-12-pz.html
Adesivo Mapei Ultrabond Pu Strong (Scatola da 12 Pz),Mapei,N/A,N/A,https://www.fvledilizia.it/3702-large_default/adesivo-mapei-ultrabond-pu-strong-scatola-da-12-pz.jpg,https://www.fvledilizia.it/malte/2120-adesivo-mapei-ultrabond-pu-strong-scatola-da-12-pz.html
Adesivo Mapei Ultrabond Super Grip (Scatola da 12 Pz),Mapei,N/A,N/A,https://www.fvledilizia.it/3703-large_default/adesivo-mapei-ultrabond-super-grip-scatola-da-12-pz.jpg,https://www.fvledilizia.it/malte/2121-adesivo-mapei-ultrabond-super-grip-scatola-da-12-pz.html
Malta Mapei Ultracolor Plus (Sacco da 22 Kg),Mapei,N/A,N/A,https://www.fvledilizia.it/3704-large_default/malta-mapei-ultracolor-plus-sacco-da-22-kg.jpg,https://www.fvledilizia.it/malte/2122-4249-malta-mapei-ultracolor-plus-sacco-da-22-kg.html#/192-colore_scritto-bianco
Adesivo cementizio Mapei Ultralite S1 (Sacco da 25 Kg),Mapei,N/A,N/A,https://www.fvledilizia.it/3705-large_default/adesivo-cementizio-mapei-ultralite-s1-sacco-da-25-kg.jpg,https://www.fvledilizia.it/malte/2123-4251-adesivo-cementizio-mapei-ultralite-s1-sacco-da-25-kg.html#/192-colore_scritto-bianco
Adesivo cementizio Mapei Ultralite S2 (Sacco da 15 Kg),Mapei,N/A,N/A,https://www.fvledilizia.it/3724-large_default/adesivo-cementizio-mapei-ultralite-s2-sacco-da-15-kg.jpg,https://www.fvledilizia.it/malte/2140-4253-adesivo-cementizio-mapei-ultralite-s2-sacco-da-15-kg.html#/192-colore_scritto-bianco
Lisciatura Mapei Ultraplan Contract (Sacco da 24 Kg),Mapei,N/A,N/A,https://www.fvledilizia.it/3725-large_default/lisciatura-mapei-ultraplan-contract-sacco-da-24-kg.jpg,https://www.fvledilizia.it/malte/2141-lisciatura-mapei-ultraplan-contract-sacco-da-24-kg.html
Adesivo cementizio Mapei Adesilex P4 (Sacco da 25 Kg),Mapei,N/A,N/A,https://www.fvledilizia.it/3727-large_default/adesivo-cementizio-mapei-adesilex-p4-sacco-da-25-kg.jpg,https://www.fvledilizia.it/malte/2142-adesivo-cementizio-mapei-adesilex-p4-sacco-da-25-kg.html
Adesivo cementizio Mapei Adesilex P9 (Sacco da 25 Kg),Mapei,N/A,N/A,https://www.fvledilizia.it/3728-large_default/adesivo-cementizio-mapei-adesilex-p9-sacco-da-25-kg.jpg,https://www.fvledilizia.it/malte/2143-4255-adesivo-cementizio-mapei-adesilex-p9-sacco-da-25-kg.html#/192-colore_scritto-bianco
Adesivo cementizio Mapei Adesilex P9 Express (Sacco da 25 Kg),Mapei,N/A,N/A,https://www.fvledilizia.it/3729-large_default/adesivo-cementizio-mapei-adesilex-p9-express-sacco-da-25-kg.jpg,https://www.fvledilizia.it/malte/2144-4257-adesivo-cementizio-mapei-adesilex-p9-express-sacco-da-25-kg.html#/192-colore_scritto-bianco
Adesivo Mapei Adesilex PG1 ( Kit da 2 o da 6 Kg),Mapei,N/A,N/A,https://www.fvledilizia.it/3730-large_default/adesivo-mapei-adesilex-pg1-kit-da-2-o-da-6-kg.jpg,https://www.fvledilizia.it/malte/2145-4259-adesivo-mapei-adesilex-pg1-kit-da-2-o-da-6-kg.html#/1288-quantita-kit_2_kg
Adesivo Mapei Adesilex PG4 (Kit da 2 o da 6 o da 30 Kg),Mapei,N/A,N/A,https://www.fvledilizia.it/3731-large_default/adesivo-mapei-adesilex-pg4-kit-da-2-o-da-6-o-da-30-kg.jpg,https://www.fvledilizia.it/malte/2146-4261-adesivo-mapei-adesilex-pg4-kit-da-2-o-da-6-o-da-30-kg.html#/1288-quantita-kit_2_kg
Adesivo Mapei Adesilex PVC (Scatola da 50 confezioni da 125 g),Mapei,N/A,N/A,https://www.fvledilizia.it/3732-large_default/adesivo-mapei-adesilex-pvc-scatola-da-50-confezioni-da-125-g.jpg,https://www.fvledilizia.it/collanti-sigillanti-e-resine/2147-adesivo-mapei-adesilex-pvc-scatola-da-50-confezioni-da-125-g.html
Adesivo Mapei Adesilex PVC HP (Scatola da 50 confezioni da 125 g),Mapei,N/A,N/A,https://www.fvledilizia.it/3733-large_default/adesivo-mapei-adesilex-pvc-hp-scatola-da-50-confezioni-da-125-g.jpg,https://www.fvledilizia.it/malte/2148-adesivo-mapei-adesilex-pvc-hp-scatola-da-50-confezioni-da-125-g.html
Impregnante Mapei Antipluviol S (Confezione da 5 e 10 Kg),Mapei,N/A,N/A,https://www.fvledilizia.it/3739-large_default/impregnante-mapei-antipluviol-s-confezione-da-5-e-10-kg.jpg,https://www.fvledilizia.it/linea-legno/2151-4266-impregnante-mapei-antipluviol-s-confezione-da-5-e-10-kg.html#/112-peso-5_kg
Impregnante Mapei Antipluviol (Confezione da 5 o 25 Kg),Mapei,N/A,N/A,https://www.fvledilizia.it/3738-large_default/impregnante-mapei-antipluviol-confezione-da-5-o-25-kg.jpg,https://www.fvledilizia.it/impermeabilizzanti/2150-4264-impregnante-mapei-antipluviol-confezione-da-5-o-25-kg.html#/112-peso-5_kg
Consolidante Mapei Consolidante ETS (Confezione da 10 Kg),Mapei,N/A,N/A,https://www.fvledilizia.it/3741-large_default/consolidante-mapei-consolidante-ets-confezione-da-10-kg.jpg,https://www.fvledilizia.it/malte/2152-consolidante-mapei-consolidante-ets-confezione-da-10-kg.html
Consolidante Mapei Consolidante ETS WR (Confezione da 10 Kg),Mapei,N/A,N/A,https://www.fvledilizia.it/3742-large_default/consolidante-mapei-consolidante-ets-wr.jpg,https://www.fvledilizia.it/malte/2153-consolidante-mapei-consolidante-ets-wr.html
Primer Mapei Eco Prim Grip (Confezione da 5 o 10 Kg),Mapei,N/A,N/A,https://www.fvledilizia.it/3743-large_default/primer-mapei-eco-prim-grip-confezione-da-5-o-10-kg.jpg,https://www.fvledilizia.it/malte/2154-4268-primer-mapei-eco-prim-grip-confezione-da-5-o-10-kg.html#/112-peso-5_kg
Primer Mapei Eco Prim PU 1K (Confezione da 10 Kg),Mapei,N/A,N/A,https://www.fvledilizia.it/3744-large_default/primer-mapei-eco-prim-pu-1k-confezione-da-10-kg.jpg,https://www.fvledilizia.it/malte/2155-primer-mapei-eco-prim-pu-1k-confezione-da-10-kg.html
Adesivo Mapei Eporip (Kit da 2 o 10 Kg),Mapei,N/A,N/A,https://www.fvledilizia.it/3746-large_default/adesivo-mapei-eporip-kit-da-2-o-10-kg.jpg,https://www.fvledilizia.it/malte/2156-4270-adesivo-mapei-eporip-kit-da-2-o-10-kg.html#/1288-quantita-kit_2_kg
Vernice Mapei Fuga Fresca (Scatole da 12 confezioni da 160 g),Mapei,N/A,N/A,https://www.fvledilizia.it/3747-large_default/vernice-mapei-fuga-fresca-scatole-da-12-confezioni-da-160-g.jpg,https://www.fvledilizia.it/malte/2157-4272-vernice-mapei-fuga-fresca-scatole-da-12-confezioni-da-160-g.html#/192-colore_scritto-bianco
Additivo Mapei Fugolastic (Confezione da 5 o 10 Kg),Mapei,N/A,N/A,https://www.fvledilizia.it/3748-large_default/additivo-mapei-fugolastic-confezione-da-5-o-10-kg.jpg,https://www.fvledilizia.it/malte/2158-4277-additivo-mapei-fugolastic-confezione-da-5-o-10-kg.html#/112-peso-5_kg
Giunto Mapei Idrostop B25 (Scatola da 6 confezioni da 5 metri),Mapei,N/A,N/A,https://www.fvledilizia.it/3749-large_default/giunto-mapei-idrostop-b25-scatola-da-6-confezioni-da-5-metri.jpg,https://www.fvledilizia.it/impermeabilizzanti/2159-giunto-mapei-idrostop-b25-scatola-da-6-confezioni-da-5-metri.html
Adesivo Mapei Kerabond Plus (Sacco da 25 Kg),Mapei,N/A,N/A,https://www.fvledilizia.it/3751-large_default/adesivo-mapei-kerabond-plus-sacco-da-25-kg.jpg,https://www.fvledilizia.it/malte/2160-4279-adesivo-mapei-kerabond-plus-sacco-da-25-kg.html#/192-colore_scritto-bianco
Adesivo Mapei Keraflex (Sacco da 25 Kg),Mapei,N/A,N/A,https://www.fvledilizia.it/3752-large_default/adesivo-mapei-keraflex-sacco-da-25-kg.jpg,https://www.fvledilizia.it/malte/2161-4281-adesivo-mapei-keraflex-sacco-da-25-kg.html#/192-colore_scritto-bianco
Adesivo Mapei Keraflex Maxi S1 (Sacco da 23 Kg),Mapei,N/A,N/A,https://www.fvledilizia.it/3753-large_default/adesivo-mapei-keraflex-maxi-s1-sacco-da-23-kg.jpg,https://www.fvledilizia.it/malte/2162-adesivo-mapei-keraflex-maxi-s1-sacco-da-23-kg.html
Adesivo Mapei Keralastic (Confezione da 5 o 10 Kg),Mapei,N/A,N/A,https://www.fvledilizia.it/3754-large_default/adesivo-mapei-keralastic-confezione-da-5-o-10-kg.jpg,https://www.fvledilizia.it/malte/2163-4283-adesivo-mapei-keralastic-confezione-da-5-o-10-kg.html#/112-peso-5_kg/192-colore_scritto-bianco
Adesivo Mapei Keralastic T (Confezioni da 5 o 10 Kg),Mapei,N/A,N/A,https://www.fvledilizia.it/3755-large_default/adesivo-mapei-keralastic-t-confezioni-da-5-o-10-kg.jpg,https://www.fvledilizia.it/malte/2164-4287-adesivo-mapei-keralastic-t-confezioni-da-5-o-10-kg.html#/112-peso-5_kg/192-colore_scritto-bianco
Malta Mapei Kerapoxy Design (Secchio da 3 Kg),Mapei,N/A,N/A,https://www.fvledilizia.it/3756-large_default/malta-mapei-kerapoxy-design-secchio-da-3-kg.jpg,https://www.fvledilizia.it/malte/2165-4291-malta-mapei-kerapoxy-design-secchio-da-3-kg.html#/192-colore_scritto-bianco
Legnante Mapei Lampocem (Sacco da 25 Kg o 4 sacchi da 5 Kg),Mapei,N/A,N/A,https://www.fvledilizia.it/3757-large_default/legnante-mapei-lampocem-sacco-da-25-kg-o-4-sacchi-da-5-kg.jpg,https://www.fvledilizia.it/malte/2166-4297-legnante-mapei-lampocem-sacco-da-25-kg-o-4-sacchi-da-5-kg.html#/134-peso-25_kg
Legnante Mapei Lamposilex (Fustini da 5 Kg),Mapei,N/A,N/A,https://www.fvledilizia.it/3830-large_default/legnante-mapei-lamposilex-fustini-da-5-kg.jpg,https://www.fvledilizia.it/malte/2167-legnante-mapei-lamposilex-fustini-da-5-kg.html
Livellante cementizio Mapei Novoplan Maxi (Sacco da 25 Kg),Mapei,N/A,N/A,https://www.fvledilizia.it/3759-large_default/livellante-cementizio-mapei-novoplan-maxi-sacco-da-25-kg.jpg,https://www.fvledilizia.it/malte/2168-livellante-cementizio-mapei-novoplan-maxi-sacco-da-25-kg.html
"Additivo Mapei Planicrete ( taniche da 5,10,25 Kg e 12 confezioni da 1 Kg)",Mapei,N/A,N/A,https://www.fvledilizia.it/3806-large_default/additivo-mapei-planicrete-taniche-da-51025-kg-e-12-confezioni-da-1-kg.jpg,https://www.fvledilizia.it/malte/2202-4583-additivo-mapei-planicrete-taniche-da-51025-kg-e-12-confezioni-da-1-kg.html#/112-peso-5_kg
Malta cementizia Mapei Planiseal 88 (Sacchi da 25 Kg),Mapei,N/A,N/A,https://www.fvledilizia.it/3807-large_default/malta-cementizia-mapei-planiseal-88-sacchi-da-25-kg.jpg,https://www.fvledilizia.it/malte/2203-4588-malta-cementizia-mapei-planiseal-88-sacchi-da-25-kg.html#/193-colore_scritto-grigio
Rasatura Mapei Planitop 217 (Sacchi da 25 Kg),Mapei,N/A,N/A,https://www.fvledilizia.it/3808-large_default/rasatura-mapei-planitop-217-sacchi-da-25-kg.jpg,https://www.fvledilizia.it/malte/2204-4589-rasatura-mapei-planitop-217-sacchi-da-25-kg.html#/192-colore_scritto-bianco
Rasatura Mapei Planitop 510 (Sacchi da 25 Kg),Mapei,N/A,N/A,https://www.fvledilizia.it/3809-large_default/rasatura-mapei-planitop-510-sacchi-da-25-kg.jpg,https://www.fvledilizia.it/malte/2205-4591-rasatura-mapei-planitop-510-sacchi-da-25-kg.html#/192-colore_scritto-bianco
Rasatura Mapei Planitop 517 (Sacchi da 25 Kg),Mapei,N/A,N/A,https://www.fvledilizia.it/3817-large_default/rasatura-mapei-planitop-517-sacchi-da-25-kg.jpg,https://www.fvledilizia.it/malte/2208-4594-rasatura-mapei-planitop-517-sacchi-da-25-kg.html#/192-colore_scritto-bianco
Rasatura Mapei Planitop 525 (Sacchi da 25 Kg),Mapei,N/A,N/A,https://www.fvledilizia.it/3818-large_default/rasatura-mapei-planitop-525-sacchi-da-25-kg.jpg,https://www.fvledilizia.it/malte/2209-rasatura-mapei-planitop-525-sacchi-da-25-kg.html
Rasatura Mapei Planitop 530 (Sacchi da 25 Kg),Mapei,N/A,N/A,https://www.fvledilizia.it/3820-large_default/rasatura-mapei-planitop-530-sacchi-da-25-kg.jpg,https://www.fvledilizia.it/malte/2210-4596-rasatura-mapei-planitop-530-sacchi-da-25-kg.html#/192-colore_scritto-bianco
Rasatura Mapei Planitop 540 (Sacchi da 25 Kg),Mapei,N/A,N/A,https://www.fvledilizia.it/3826-large_default/rasatura-mapei-planitop-540-sacchi-da-25-kg.jpg,https://www.fvledilizia.it/malte/2211-4598-rasatura-mapei-planitop-540-sacchi-da-25-kg.html#/192-colore_scritto-bianco
Rasatura Mapei Planitop 560 (Sacchi da 20 Kg),Mapei,N/A,N/A,https://www.fvledilizia.it/3823-large_default/rasatura-mapei-planitop-560-sacchi-da-20-kg.jpg,https://www.fvledilizia.it/malte/2212-rasatura-mapei-planitop-560-sacchi-da-20-kg.html
Rasatura Mapei Planitop 565 (Sacchi da 20 Kg),Mapei,N/A,N/A,https://www.fvledilizia.it/3825-large_default/rasatura-mapei-planitop-565-sacchi-da-20-kg.jpg,https://www.fvledilizia.it/malte/2213-rasatura-mapei-planitop-565-sacchi-da-20-kg.html
Rasatura Mapei Planitop 610 RasaGesso M (Sacchi da 15 Kg),Mapei,N/A,N/A,https://www.fvledilizia.it/3828-large_default/rasatura-mapei-planitop-610-rasagesso-m-sacchi-da-15-kg.jpg,https://www.fvledilizia.it/malte/2214-rasatura-mapei-planitop-610-rasagesso-m-sacchi-da-15-kg.html
Malta Mapei Planitop Fast 330 (Sacchi da 25 Kg),Mapei,N/A,N/A,https://www.fvledilizia.it/3846-large_default/malta-mapei-planitop-fast-330-sacchi-da-25-kg.jpg,https://www.fvledilizia.it/malte/2215-malta-mapei-planitop-fast-330-sacchi-da-25-kg.html
Rasatura Mapei Planitop Fine Finish (Sacchi da 20 Kg),Mapei,N/A,N/A,https://www.fvledilizia.it/3848-large_default/rasatura-mapei-planitop-fine-finish-sacchi-da-20-kg.jpg,https://www.fvledilizia.it/malte/2218-rasatura-mapei-planitop-fine-finish-sacchi-da-20-kg.html
"Malta cementizia Mapei Planitop HDM Maxi (Kit da 31,25 Kg)",Mapei,N/A,N/A,https://www.fvledilizia.it/3849-large_default/malta-cementizia-mapei-planitop-hdm-maxi-kit-da-3125-kg.jpg,https://www.fvledilizia.it/malte/2219-malta-cementizia-mapei-planitop-hdm-maxi-kit-da-3125-kg.html
"Malta premiscelata Mapei Planitop HDM Restauro (Kit da 29,75 Kg)",Mapei,N/A,N/A,https://www.fvledilizia.it/3851-large_default/malta-premiscelata-mapei-planitop-hdm-restauro-kit-da-2975-kg.jpg,https://www.fvledilizia.it/malte/2220-malta-premiscelata-mapei-planitop-hdm-restauro-kit-da-2975-kg.html
Malta Mapei Planitop Intonaco Armato (Kit da 30 Kg),Mapei,N/A,N/A,https://www.fvledilizia.it/3852-large_default/malta-mapei-planitop-intonaco-armato-kit-da-30-kg.jpg,https://www.fvledilizia.it/malte/2221-malta-mapei-planitop-intonaco-armato-kit-da-30-kg.html
Malta cementizia Mapei Planitop Rasa & Ripara R4 (Sacco da 25 Kg),Mapei,N/A,N/A,https://www.fvledilizia.it/3853-large_default/malta-cementizia-mapei-planitop-rasa-ripara-r4-sacco-da-25-kg.jpg,https://www.fvledilizia.it/malte/2222-malta-cementizia-mapei-planitop-rasa-ripara-r4-sacco-da-25-kg.html
Rasatura Mapei Planitop Raso Max (Sacco da 25 Kg),Mapei,N/A,N/A,https://www.fvledilizia.it/3872-large_default/rasatura-mapei-planitop-raso-max-sacco-da-25-kg.jpg,https://www.fvledilizia.it/malte/2238-rasatura-mapei-planitop-raso-max-sacco-da-25-kg.html
Rasatura Mapei Planitop Superfine (Sacco da 20 Kg),Mapei,N/A,N/A,https://www.fvledilizia.it/3873-large_default/rasatura-mapei-planitop-superfine-sacco-da-20-kg.jpg,https://www.fvledilizia.it/malte/2239-rasatura-mapei-planitop-superfine-sacco-da-20-kg.html
Malta Mapei Porocol (Sacco da 25 Kg),Mapei,N/A,N/A,https://www.fvledilizia.it/3874-large_default/malta-mapei-porocol-sacco-da-25-kg.jpg,https://www.fvledilizia.it/malte/2240-malta-mapei-porocol-sacco-da-25-kg.html
Malta Mapei PoroMap Rinzaffo Plus (Sacco da 25 Kg),Mapei,N/A,N/A,https://www.fvledilizia.it/3875-large_default/malta-mapei-poromap-rinzaffo-plus-sacco-da-25-kg.jpg,https://www.fvledilizia.it/malte/2241-malta-mapei-poromap-rinzaffo-plus-sacco-da-25-kg.html
Primer Mapei Primer 3296 (Taniche da 5 o 10 Kg),Mapei,N/A,N/A,https://www.fvledilizia.it/3876-large_default/primer-mapei-primer-3296-taniche-da-5-o-10-kg.jpg,https://www.fvledilizia.it/malte/2242-4685-primer-mapei-primer-3296-taniche-da-5-o-10-kg.html#/112-peso-5_kg
Fondo acrilico Mapei Malech (Taniche da 2 o 10 Kg),Mapei,N/A,N/A,https://www.fvledilizia.it/3878-large_default/fondo-acrilico-mapei-malech-taniche-da-2-o-10-kg.jpg,https://www.fvledilizia.it/malte/2244-4687-fondo-acrilico-mapei-malech-taniche-da-2-o-10-kg.html#/138-peso-2_kg
Malta da muratura Mapei Mape-Antique Allettamento (Sacco da 25 Kg),Mapei,N/A,N/A,https://www.fvledilizia.it/3879-large_default/malta-da-muratura-mapei-mape-antique-allettamento-sacco-da-25-kg.jpg,https://www.fvledilizia.it/malte/2245-4689-malta-da-muratura-mapei-mape-antique-allettamento-sacco-da-25-kg.html#/415-colore_scritto-rosa
Eco malta Mapei Mape-Antique Nhl Eco Rasante Civile (Sacco da 25 Kg),Mapei,N/A,N/A,https://www.fvledilizia.it/3880-large_default/eco-malta-mapei-mape-antique-nhl-eco-rasante-civile-sacco-da-25-kg.jpg,https://www.fvledilizia.it/malte/2246-eco-malta-mapei-mape-antique-nhl-eco-rasante-civile-sacco-da-25-kg.html
Eco malta Mapei Mape-Antique Nhl Eco Rasante Grosso (Sacco da 25 Kg),Mapei,N/A,N/A,https://www.fvledilizia.it/3883-large_default/eco-malta-mapei-mape-antique-nhl-eco-rasante-grosso-sacco-da-25-kg.jpg,https://www.fvledilizia.it/malte/2247-eco-malta-mapei-mape-antique-nhl-eco-rasante-grosso-sacco-da-25-kg.html
Eco malta Mapei Mape-Antique Nhl Eco Rinzaffo (Sacco da 25 Kg),Mapei,N/A,N/A,https://www.fvledilizia.it/3884-large_default/eco-malta-mapei-mape-antique-nhl-eco-rinzaffo-sacco-da-25-kg.jpg,https://www.fvledilizia.it/malte/2248-eco-malta-mapei-mape-antique-nhl-eco-rinzaffo-sacco-da-25-kg.html
Rivestimento elastico Mapei Mape-Antique Ecolastic (Kit da 15 Kg),Mapei,N/A,N/A,https://www.fvledilizia.it/3885-large_default/rivestimento-elastico-mapei-mape-antique-ecolastic-kit-da-15-kg.jpg,https://www.fvledilizia.it/malte/2249-rivestimento-elastico-mapei-mape-antique-ecolastic-kit-da-15-kg.html
Malta da rasatura Mapei Mape-Antique Fc Civile (Sacco da 25 Kg),Mapei,N/A,N/A,https://www.fvledilizia.it/3886-large_default/malta-da-rasatura-mapei-mape-antique-fc-civile-sacco-da-25-kg.jpg,https://www.fvledilizia.it/malte/2250-4692-malta-da-rasatura-mapei-mape-antique-fc-civile-sacco-da-25-kg.html#/192-colore_scritto-bianco
Malta da rasatura Mapei Mape-Antique Fc Grosso (Sacco da 25 Kg),Mapei,N/A,N/A,https://www.fvledilizia.it/3888-large_default/malta-da-rasatura-mapei-mape-antique-fc-grosso-sacco-da-25-kg.jpg,https://www.fvledilizia.it/malte/2251-malta-da-rasatura-mapei-mape-antique-fc-grosso-sacco-da-25-kg.html
Malta da rasatura Mapei Mape-Antique Fc Ultrafine (Sacco da 25 Kg),Mapei,N/A,N/A,https://www.fvledilizia.it/3890-large_default/malta-da-rasatura-mapei-mape-antique-fc-ultrafine-sacco-da-25-kg.jpg,https://www.fvledilizia.it/malte/2252-malta-da-rasatura-mapei-mape-antique-fc-ultrafine-sacco-da-25-kg.html
Intonaco Mapei Mape-Antique Intonaco Nhl (Sacco da 25 Kg),Mapei,N/A,N/A,https://www.fvledilizia.it/3891-large_default/intonaco-mapei-mape-antique-intonaco-nhl-sacco-da-25-kg.jpg,https://www.fvledilizia.it/malte/2253-intonaco-mapei-mape-antique-intonaco-nhl-sacco-da-25-kg.html
Legnante Mapei Mape-Antique Lc (Sacco da 20 Kg),Mapei,N/A,N/A,https://www.fvledilizia.it/3892-large_default/legnante-mapei-mape-antique-lc-sacco-da-20-kg.jpg,https://www.fvledilizia.it/malte/2254-legnante-mapei-mape-antique-lc-sacco-da-20-kg.html
Malta per intonaci Mapei Mape-Antique Mc (Sacco da 25 Kg),Mapei,N/A,N/A,https://www.fvledilizia.it/3893-large_default/malta-per-intonaci-mapei-mape-antique-mc-sacco-da-25-kg.jpg,https://www.fvledilizia.it/malte/2255-malta-per-intonaci-mapei-mape-antique-mc-sacco-da-25-kg.html
Malta per intonaci Mapei Mape-Antique Mc Macchina (Sacco da 25 Kg),Mapei,N/A,N/A,https://www.fvledilizia.it/3895-large_default/malta-per-intonaci-mapei-mape-antique-mc-macchina-sacco-da-25-kg.jpg,https://www.fvledilizia.it/malte/2256-malta-per-intonaci-mapei-mape-antique-mc-macchina-sacco-da-25-kg.html
Malta da rinzaffo Mapei Mape-Antique Rinzaffo (Sacco da 20 Kg),Mapei,N/A,N/A,https://www.fvledilizia.it/8622-large_default/malta-da-rinzaffo-mapei-mape-antique-rinzaffo-sacco-da-20-kg.jpg,https://www.fvledilizia.it/malte/2257-malta-da-rinzaffo-mapei-mape-antique-rinzaffo-sacco-da-20-kg.html
Malta per intonaci Mapei Mape-Antique Strutturale Nhl (Sacco da 25 Kg),Mapei,N/A,N/A,https://www.fvledilizia.it/3897-large_default/malta-per-intonaci-mapei-mape-antique-strutturale-nhl-sacco-da-25-kg.jpg,https://www.fvledilizia.it/malte/2258-malta-per-intonaci-mapei-mape-antique-strutturale-nhl-sacco-da-25-kg.html
"Nastro in gomma Mapei Mapeband Easy (Rotoli da 10 o 30 mt, Angolari da 90째 o 270째, Quadrotti 200x200 mm o 400x400 mm)",Mapei,N/A,N/A,https://www.fvledilizia.it/3898-large_default/nastro-in-gomma-mapei-mapeband-easy-rotoli-da-10-o-30-mt-angolari-da-90-o-270-quadrotti-200x200-mm-o-400x400-mm.jpg,https://www.fvledilizia.it/nastri-adesivi/2259-4696-nastro-in-gomma-mapei-mapeband-easy-rotoli-da-10-o-30-mt-angolari-da-90-o-270-quadrotti-200x200-mm-o-400x400-mm.html#/1310-confezione-rotoli_13_cm_x_10_m
Nastro Mapei Mapeband Sa (Rotoli da 25 mt o Mascherine 370x370 mm),Mapei,N/A,N/A,https://www.fvledilizia.it/3899-large_default/nastro-mapei-mapeband-sa-rotoli-da-25-mt-o-mascherine-370x370-mm.jpg,https://www.fvledilizia.it/nastri-adesivi/2260-4702-nastro-mapei-mapeband-sa-rotoli-da-25-mt-o-mascherine-370x370-mm.html#/1316-confezione-rotoli_10_cm_x_25_m
"Nastro Mapei Mapeband Tpe (Rotoli larghi 17 o 32,5 cm)",Mapei,N/A,N/A,https://www.fvledilizia.it/3900-large_default/nastro-mapei-mapeband-tpe-rotoli-larghi-17-o-325-cm.jpg,https://www.fvledilizia.it/nastri-adesivi/2261-4704-nastro-mapei-mapeband-tpe-rotoli-larghi-17-o-325-cm.html#/1318-confezione-rotoli_30_m_x_17_cm
Vernice Mapei Mapecoat Dw 25 (Kit da 5 Kg),Mapei,N/A,N/A,https://www.fvledilizia.it/3901-large_default/vernice-mapei-mapecoat-dw-25-kit-da-5-kg.jpg,https://www.fvledilizia.it/malte/2262-vernice-mapei-mapecoat-dw-25-kit-da-5-kg.html
Vernice Mapei Mapecoat I 24 (Kit da 5 o 15 Kg),Mapei,N/A,N/A,https://www.fvledilizia.it/3902-large_default/vernice-mapei-mapecoat-i-24-kit-da-5-o-15-kg.jpg,https://www.fvledilizia.it/malte/2263-4706-vernice-mapei-mapecoat-i-24-kit-da-5-o-15-kg.html#/1320-quantita-kit_5_kg
Malta cementizia Mapei Mapefer (Kit da 2 Kg),Mapei,N/A,N/A,https://www.fvledilizia.it/3903-large_default/malta-cementizia-mapei-mapefer-kit-da-2-kg.jpg,https://www.fvledilizia.it/malte/2264-malta-cementizia-mapei-mapefer-kit-da-2-kg.html
Malta Mapei Mapefill (Sacco da 25 Kg),Mapei,N/A,N/A,https://www.fvledilizia.it/3904-large_default/malta-mapei-mapefill-sacco-da-25-kg.jpg,https://www.fvledilizia.it/malte/2265-malta-mapei-mapefill-sacco-da-25-kg.html
Fissaggio chimico Mapei Mapefix Ep 470 Seismic (Scatola da 12 Pz),Mapei,N/A,N/A,https://www.fvledilizia.it/3907-large_default/fissaggio-chimico-mapei-mapefix-ep-470-seismic-scatola-da-12-pz.jpg,https://www.fvledilizia.it/malte/2267-fissaggio-chimico-mapei-mapefix-ep-470-seismic-scatola-da-12-pz.html
Fissaggio chimico Mapei Mapefix Ve Sf (Scatola da 12 Pz),Mapei,N/A,N/A,https://www.fvledilizia.it/3908-large_default/fissaggio-chimico-mapei-mapefix-ve-sf-scatola-da-12-pz.jpg,https://www.fvledilizia.it/malte/2268-8157-fissaggio-chimico-mapei-mapefix-ve-sf-scatola-da-12-pz.html#/1452-quantita-300_ml
Fissaggio chimico Mapei Mapefix Vinybond (Scatola da 12 pz),Mapei,N/A,N/A,https://www.fvledilizia.it/3909-large_default/fissaggio-chimico-mapei-mapefix-vinybond-scatola-da-12-pz.jpg,https://www.fvledilizia.it/malte/2269-8163-fissaggio-chimico-mapei-mapefix-vinybond-scatola-da-12-pz.html#/1452-quantita-300_ml
Sigillante Mapei Mapeflex Ac3 (Scatola da 24 pz da 310 ml),Mapei,N/A,N/A,https://www.fvledilizia.it/3910-large_default/sigillante-mapei-mapeflex-ac3-scatola-da-24-pz-da-310-ml.jpg,https://www.fvledilizia.it/collanti-sigillanti-e-resine/2270-4760-sigillante-mapei-mapeflex-ac3-scatola-da-24-pz-da-310-ml.html#/192-colore_scritto-bianco
Sigillante Mapei Mapeflex Ac-Fr (Scatola da 20 pz da 550 ml),Mapei,N/A,N/A,https://www.fvledilizia.it/3913-large_default/sigillante-mapei-mapeflex-ac-fr-scatola-da-20-pz-da-550-ml.jpg,https://www.fvledilizia.it/collanti-sigillanti-e-resine/2271-sigillante-mapei-mapeflex-ac-fr-scatola-da-20-pz-da-550-ml.html
Sigillante Mapei Mapeflex Blackfill (Scatole da 12 cartuccie da 300 ml),Mapei,N/A,N/A,https://www.fvledilizia.it/3914-large_default/sigillante-mapei-mapeflex-blackfill-scatole-da-12-cartuccie-da-300-ml.jpg,https://www.fvledilizia.it/collanti-sigillanti-e-resine/2272-sigillante-mapei-mapeflex-blackfill-scatole-da-12-cartuccie-da-300-ml.html
Sigillante Mapei Mapeflex E-Pu 21 Sl grigio 113 (Secchio da 5 Kg),Mapei,N/A,N/A,https://www.fvledilizia.it/3915-large_default/sigillante-mapei-mapeflex-e-pu-21-sl-grigio-113-secchio-da-5-kg.jpg,https://www.fvledilizia.it/collanti-sigillanti-e-resine/2273-sigillante-mapei-mapeflex-e-pu-21-sl-grigio-113-secchio-da-5-kg.html
Stucco Mapei Mapeflex Firestop 1200째C (Scatola da 12 pz da 300 ml),Mapei,N/A,N/A,https://www.fvledilizia.it/3916-large_default/stucco-mapei-mapeflex-firestop-1200c-scatola-da-12-pz-da-300-ml.jpg,https://www.fvledilizia.it/malte/2274-stucco-mapei-mapeflex-firestop-1200c-scatola-da-12-pz-da-300-ml.html
Sigillante Mapei Mapeflex Ms 40 (Scatole da 20 pz da 600 ml),Mapei,N/A,N/A,https://www.fvledilizia.it/3917-large_default/sigillante-mapei-mapeflex-ms-40-scatole-da-20-pz-da-600-ml.jpg,https://www.fvledilizia.it/collanti-sigillanti-e-resine/2275-4764-sigillante-mapei-mapeflex-ms-40-scatole-da-20-pz-da-600-ml.html#/192-colore_scritto-bianco
Sigillante Mapei Mapeflex Ms45 (Scatola da 12 cartucce da 300 ml),Mapei,N/A,N/A,https://www.fvledilizia.it/3918-large_default/sigillante-mapei-mapeflex-ms45-scatola-da-12-cartucce-da-300-ml.jpg,https://www.fvledilizia.it/collanti-sigillanti-e-resine/2276-4766-sigillante-mapei-mapeflex-ms45-scatola-da-12-cartucce-da-300-ml.html#/192-colore_scritto-bianco
Sigillante Mapei Mapeflex Ms Crystal (Scatole da 12 pz da 300 ml),Mapei,N/A,N/A,https://www.fvledilizia.it/3919-large_default/sigillante-mapei-mapeflex-ms-crystal-scatole-da-12-pz-da-300-ml.jpg,https://www.fvledilizia.it/collanti-sigillanti-e-resine/2277-sigillante-mapei-mapeflex-ms-crystal-scatole-da-12-pz-da-300-ml.html
Sigillante Mapei Mapeflex Pu35 Cr (Scatola da 20 pz da 600 ml),Mapei,N/A,N/A,https://www.fvledilizia.it/3920-large_default/sigillante-mapei-mapeflex-pu35-cr-scatola-da-20-pz-da-600-ml.jpg,https://www.fvledilizia.it/collanti-sigillanti-e-resine/2278-sigillante-mapei-mapeflex-pu35-cr-scatola-da-20-pz-da-600-ml.html
Sigillante Mapei Mapeflex Pu40 (Scatola da 12 pz da 300 ml o 20 pz da 600 ml),Mapei,N/A,N/A,https://www.fvledilizia.it/3921-large_default/sigillante-mapei-mapeflex-pu40-scatola-da-12-pz-da-300-ml-o-20-pz-da-600-ml.jpg,https://www.fvledilizia.it/collanti-sigillanti-e-resine/2279-4770-sigillante-mapei-mapeflex-pu40-scatola-da-12-pz-da-300-ml-o-20-pz-da-600-ml.html#/192-colore_scritto-bianco/1324-descrizione-scatola_da_12_cartucce_da_300_ml
Sigillante Mapei Mapeflex Pu 45 Ft (Scatola da 12 pz da 300 ml o 20 pz da 600 ml),Mapei,N/A,N/A,https://www.fvledilizia.it/3922-large_default/sigillante-mapei-mapeflex-pu-45-ft-scatola-da-12-pz-da-300-ml-o-20-pz-da-600-ml.jpg,https://www.fvledilizia.it/collanti-sigillanti-e-resine/2280-4774-sigillante-mapei-mapeflex-pu-45-ft-scatola-da-12-pz-da-300-ml-o-20-pz-da-600-ml.html#/192-colore_scritto-bianco/1324-descrizione-scatola_da_12_cartucce_da_300_ml
Sigillante Mapei Mapeflex Pu50 Sl (Scatola da 20 pz da 600 ml o fustini da 12 Kg),Mapei,N/A,N/A,https://www.fvledilizia.it/3924-large_default/sigillante-mapei-mapeflex-pu50-sl-scatola-da-20-pz-da-600-ml-o-fustini-da-12-kg.jpg,https://www.fvledilizia.it/collanti-sigillanti-e-resine/2281-4784-sigillante-mapei-mapeflex-pu50-sl-scatola-da-20-pz-da-600-ml-o-fustini-da-12-kg.html#/193-colore_scritto-grigio/1326-descrizione-fustino_da_12_kg
Sigillante Mapei Mapeflex Pu65 (Kit da 10 Kg),Mapei,N/A,N/A,https://www.fvledilizia.it/3925-large_default/sigillante-mapei-mapeflex-pu65-kit-da-10-kg.jpg,https://www.fvledilizia.it/collanti-sigillanti-e-resine/2282-sigillante-mapei-mapeflex-pu65-kit-da-10-kg.html
Sigillante Mapei Mapeflex Pu 70 Ns (Secchio da 5 Kg),Mapei,N/A,N/A,https://www.fvledilizia.it/3926-large_default/sigillante-mapei-mapeflex-pu-70-ns-secchio-da-5-kg.jpg,https://www.fvledilizia.it/collanti-sigillanti-e-resine/2283-sigillante-mapei-mapeflex-pu-70-ns-secchio-da-5-kg.html
Sigillante Mapei Mapeflex Pu 70 Sl (Kit da 10 Kg),Mapei,N/A,N/A,https://www.fvledilizia.it/3928-large_default/sigillante-mapei-mapeflex-pu-70-sl-kit-da-10-kg.jpg,https://www.fvledilizia.it/collanti-sigillanti-e-resine/2284-sigillante-mapei-mapeflex-pu-70-sl-kit-da-10-kg.html
"Cordoncino Mapei Mapefoam (Diametro 6,10,15,20,25,30,40 mm)",Mapei,N/A,N/A,https://www.fvledilizia.it/3929-large_default/cordoncino-mapei-mapefoam-.jpg,https://www.fvledilizia.it/malte/2285-4786-cordoncino-mapei-mapefoam-.html#/1327-confezione-scatole_da_550_m_con_o_6_mm
Rete Mapei Mapegrid B250 (1 rotolo da 50 m),Mapei,N/A,N/A,https://www.fvledilizia.it/3930-large_default/rete-mapei-maperid-b250-1-rotolo-da-50-m.jpg,https://www.fvledilizia.it/reti-per-intonaco-e-massetto/2286-rete-mapei-maperid-b250-1-rotolo-da-50-m.html
Rete Mapei Mapegrid G120 (1 rotolo da 25 m),Mapei,N/A,N/A,https://www.fvledilizia.it/3933-large_default/rete-mapei-maperid-c170-1-rotolo-da-50-m.jpg,https://www.fvledilizia.it/reti-per-intonaco-e-massetto/2287-rete-mapei-maperid-c170-1-rotolo-da-50-m.html
Rete Mapei Mapegrid C170 (1 rotolo da 50 m),Mapei,N/A,N/A,https://www.fvledilizia.it/3937-large_default/rete-mapei-mapegrid-c170-1-rotolo-da-50-m.jpg,https://www.fvledilizia.it/reti-per-intonaco-e-massetto/2288-rete-mapei-mapegrid-c170-1-rotolo-da-50-m.html
Rete Mapei Mapegrid G220 (1 rotolo da 50 m),Mapei,N/A,N/A,https://www.fvledilizia.it/3936-large_default/copy-of-rete-mapei-maperid-g220-1-rotolo-da-50-m.jpg,https://www.fvledilizia.it/reti-per-intonaco-e-massetto/2289-copy-of-rete-mapei-maperid-g220-1-rotolo-da-50-m.html
Malta Mapei Mapegrout 430 (Sacco da 25 Kg),Mapei,N/A,N/A,https://www.fvledilizia.it/3938-large_default/malta-mapei-mapegrout-430-sacco-da-25-kg.jpg,https://www.fvledilizia.it/malte/2290-malta-mapei-mapegrout-430-sacco-da-25-kg.html
Malta Mapei Mapegrout Colabile (Sacco da 25 Kg),Mapei,N/A,N/A,https://www.fvledilizia.it/3940-large_default/malta-mapei-mapegrout-colabile-sacco-da-25-kg.jpg,https://www.fvledilizia.it/malte/2291-malta-mapei-mapegrout-colabile-sacco-da-25-kg.html
Malta Mapei Mapegrout Ancora & Ripara (Sacco da 25 Kg),Mapei,N/A,N/A,https://www.fvledilizia.it/3941-large_default/malta-mapei-mapegrout-ancora-ripara-sacco-da-25-kg.jpg,https://www.fvledilizia.it/malte/2292-malta-mapei-mapegrout-ancora-ripara-sacco-da-25-kg.html
Malta Mapei Mapegrout Ripara Facile (Sacco da 25 Kg),Mapei,N/A,N/A,https://www.fvledilizia.it/3942-large_default/malta-mapei-mapegrout-ripara-facile-sacco-da-25-kg.jpg,https://www.fvledilizia.it/malte/2293-malta-mapei-mapegrout-ripara-facile-sacco-da-25-kg.html
Malta colabile Mapei Mapegrout Sv (Sacco da 25 Kg),Mapei,N/A,N/A,https://www.fvledilizia.it/3943-large_default/malta-colabile-mapei-mapegrout-sv-sacco-da-25-kg.jpg,https://www.fvledilizia.it/malte/2294-4797-malta-colabile-mapei-mapegrout-sv-sacco-da-25-kg.html#/193-colore_scritto-grigio
Malta cementizia Mapei Mapegrout Sv Fiber (Sacco da 25 Kg),Mapei,N/A,N/A,https://www.fvledilizia.it/3944-large_default/malta-colabile-mapei-mapegrout-sv-sacco-da-25-kg.jpg,https://www.fvledilizia.it/malte/2295-malta-colabile-mapei-mapegrout-sv-sacco-da-25-kg.html
Malta tissotropica Mapei Mapegrout T40 (Sacco da 25 Kg),Mapei,N/A,N/A,https://www.fvledilizia.it/3946-large_default/malta-tissotropica-mapei-mapegrout-t40-sacco-da-25-kg.jpg,https://www.fvledilizia.it/malte/2296-malta-tissotropica-mapei-mapegrout-t40-sacco-da-25-kg.html
Malta tissotropica Mapei Mapegrout T60 (Sacco da 25 Kg),Mapei,N/A,N/A,https://www.fvledilizia.it/3948-large_default/malta-tissotropica-mapei-mapegrout-t60-sacco-da-25-kg.jpg,https://www.fvledilizia.it/malte/2297-malta-tissotropica-mapei-mapegrout-t60-sacco-da-25-kg.html
Malta Mapei Mapegrout Tissotropico (Sacco da 25 Kg),Mapei,N/A,N/A,https://www.fvledilizia.it/3949-large_default/malta-mapei-mapegrout-tissotropico-sacco-da-25-kg.jpg,https://www.fvledilizia.it/malte/2298-malta-mapei-mapegrout-tissotropico-sacco-da-25-kg.html
Malta bicomponente Mapei Mapelastic Foundation (Kit da 32 Kg),Mapei,N/A,N/A,https://www.fvledilizia.it/3950-large_default/malta-bicomponente-mapei-mapelastic-foundation-kit-da-32-kg.jpg,https://www.fvledilizia.it/malte/2299-malta-bicomponente-mapei-mapelastic-foundation-kit-da-32-kg.html
Rete Mapei Mapenet Em30 / Em40 (1 rotolo da 25/50 mt),Mapei,N/A,N/A,https://www.fvledilizia.it/3951-large_default/rete-mapei-mapenet-em30-em40-1-rotolo-da-2550-mt.jpg,https://www.fvledilizia.it/reti-per-intonaco-e-massetto/2300-4801-rete-mapei-mapenet-em30-em40-1-rotolo-da-2550-mt.html#/1338-descrizione-mapenet_em_30
Schiuma Mapei Mapepur All In One Foam (Scatola da 12 bombolette da 750 ml),Mapei,N/A,N/A,https://www.fvledilizia.it/3952-large_default/schiuma-mapei-mapepur-all-in-one-foam-scatola-da-12-bombolette-da-750-ml.jpg,https://www.fvledilizia.it/collanti-sigillanti-e-resine/2301-schiuma-mapei-mapepur-all-in-one-foam-scatola-da-12-bombolette-da-750-ml.html
Schiuma Mapei Mapepur Roof Foam M/G (Scatola da 12 bombolette da 750 ml),Mapei,N/A,N/A,https://www.fvledilizia.it/3955-large_default/schiuma-mapei-mapepur-all-in-one-foam-scatola-da-12-bombolette-da-750-ml.jpg,https://www.fvledilizia.it/collanti-sigillanti-e-resine/2302-4803-schiuma-mapei-mapepur-all-in-one-foam-scatola-da-12-bombolette-da-750-ml.html#/1340-descrizione-mapepur_roof_foam_g
Mapei Mapepur Universal Foam M/G (Scatola da 12 bombolette da 750 ml),Mapei,N/A,N/A,https://www.fvledilizia.it/3959-large_default/schiuma-mapei-mapepur-all-in-one-foam-scatola-da-12-bombolette-da-750-ml.jpg,https://www.fvledilizia.it/collanti-sigillanti-e-resine/2303-4807-schiuma-mapei-mapepur-all-in-one-foam-scatola-da-12-bombolette-da-750-ml.html#/1342-descrizione-mapepur_universal_foam_g
Schiuma Mapei Mapepur Multi Adhesive Foam G (Scatola da 12 bombolette da 750 ml),Mapei,N/A,N/A,https://www.fvledilizia.it/3961-large_default/schiuma-mapei-mapepur-multi-adhesive-foam-g-scatola-da-12-bombolette-da-750-ml.jpg,https://www.fvledilizia.it/collanti-sigillanti-e-resine/2304-schiuma-mapei-mapepur-multi-adhesive-foam-g-scatola-da-12-bombolette-da-750-ml.html
Sigillante Mapei Mapesil 300째C (Scatole da 12 cartucce da 300 ml),Mapei,N/A,N/A,https://www.fvledilizia.it/3962-large_default/sigillante-mapei-mapesil-300c-scatole-da-12-cartucce-da-300-ml.jpg,https://www.fvledilizia.it/collanti-sigillanti-e-resine/2305-sigillante-mapei-mapesil-300c-scatole-da-12-cartucce-da-300-ml.html
Sigillante Mapei Mapesil Bm (Scatole da 12 cartucce da 310 ml),Mapei,N/A,N/A,https://www.fvledilizia.it/3964-large_default/sigillante-mapei-mapesil-bm-scatole-da-12-cartucce-da-310-ml.jpg,https://www.fvledilizia.it/collanti-sigillanti-e-resine/2306-4809-sigillante-mapei-mapesil-bm-scatole-da-12-cartucce-da-310-ml.html#/193-colore_scritto-grigio
Sigillante Mapei Mapesil Gp (Scatole da 12 cartucce da 280 ml),Mapei,N/A,N/A,https://www.fvledilizia.it/3966-large_default/sigillante-mapei-mapesil-gp-scatole-da-12-cartucce-da-280-ml.jpg,https://www.fvledilizia.it/collanti-sigillanti-e-resine/2307-4812-sigillante-mapei-mapesil-gp-scatole-da-12-cartucce-da-280-ml.html#/193-colore_scritto-grigio
Sigillante Mapei Mapesil U (Scatole da 24 cartucce da 280 ml),Mapei,N/A,N/A,https://www.fvledilizia.it/3968-large_default/sigillante-mapei-mapesil-u-scatole-da-24-cartucce-da-280-ml.jpg,https://www.fvledilizia.it/collanti-sigillanti-e-resine/2308-4814-sigillante-mapei-mapesil-u-scatole-da-24-cartucce-da-280-ml.html#/197-colore_scritto-trasparente
Sigillante Mapei Mapesil Z Plus (Scatole da 12 cartucce da 280 ml),Mapei,N/A,N/A,https://www.fvledilizia.it/3970-large_default/sigillante-mapei-mapesil-u-scatole-da-24-cartucce-da-280-ml.jpg,https://www.fvledilizia.it/collanti-sigillanti-e-resine/2309-4818-sigillante-mapei-mapesil-u-scatole-da-24-cartucce-da-280-ml.html#/197-colore_scritto-trasparente
Sigillante Mapei Mapesil Lm (Scatole da 12 cartucce da 310 ml),Mapei,N/A,N/A,https://www.fvledilizia.it/3971-large_default/sigillante-mapei-mapesil-lm-scatole-da-12-cartucce-da-310-ml.jpg,https://www.fvledilizia.it/collanti-sigillanti-e-resine/2310-4820-sigillante-mapei-mapesil-lm-scatole-da-12-cartucce-da-310-ml.html#/192-colore_scritto-bianco
Legante Mapei Mapstone Joint (Taniche da 25 Kg),Mapei,N/A,N/A,https://www.fvledilizia.it/3972-large_default/legante-mapei-mapstone-joint-taniche-da-25-kg.jpg,https://www.fvledilizia.it/malte/2311-legante-mapei-mapstone-joint-taniche-da-25-kg.html
Malta premiscelata Mapei Mapestone Pfs 2 (Sacco da 25 Kg),Mapei,N/A,N/A,https://www.fvledilizia.it/3973-large_default/malta-premiscelata-mapei-mapestone-pfs-2-sacco-da-25-kg.jpg,https://www.fvledilizia.it/malte/2312-4826-malta-premiscelata-mapei-mapestone-pfs-2-sacco-da-25-kg.html#/192-colore_scritto-bianco
Malta premiscelata Mapei Mapestone Tfb 60 (Sacco da 25 Kg),Mapei,N/A,N/A,https://www.fvledilizia.it/3974-large_default/malta-premiscelata-mapei-mapestone-tfb-60-sacco-da-25-kg.jpg,https://www.fvledilizia.it/malte/2313-malta-premiscelata-mapei-mapestone-tfb-60-sacco-da-25-kg.html
Indurente Mapei Mapetop N Ar6 (Sacco da 25 Kg),Mapei,N/A,N/A,https://www.fvledilizia.it/3975-large_default/indurente-mapei-mapetop-n-ar6-sacco-da-25-kg.jpg,https://www.fvledilizia.it/malte/2314-4829-indurente-mapei-mapetop-n-ar6-sacco-da-25-kg.html#/193-colore_scritto-grigio
Malta fibrorinforzata Mapei MapeWall Intonaca & Rinforza (Sacco da 25 Kg),Mapei,N/A,N/A,https://www.fvledilizia.it/3976-large_default/malta-fibrorinforzata-mapei-mapewall-intonaca-rinforza-sacco-da-25-kg.jpg,https://www.fvledilizia.it/malte/2315-4836-malta-fibrorinforzata-mapei-mapewall-intonaca-rinforza-sacco-da-25-kg.html#/204-colore_scritto-beige
Intonaco Mapei Mapewall Intonaco Base (Sacco da 25 Kg),Mapei,N/A,N/A,https://www.fvledilizia.it/3977-large_default/intonaco-mapei-mapewall-intonaco-base-sacco-da-25-kg.jpg,https://www.fvledilizia.it/malte/2316-intonaco-mapei-mapewall-intonaco-base-sacco-da-25-kg.html
Pulitore concentrato Mapei Ultracare Keranet (Tanica da 1 e 5 lt),Mapei,N/A,N/A,https://www.fvledilizia.it/15317-large_default/pulitore-concentrato-mapei-ultracare-keranet-tanica-da-1-e-5-lt.jpg,https://www.fvledilizia.it/detergenti-chimici/2317-11284-pulitore-concentrato-mapei-ultracare-keranet-tanica-da-1-e-5-lt.html#/29-quantita-1_litro
Malta Mapei MapeWall Muratura Fine (Sacco da 25 Kg),Mapei,N/A,N/A,https://www.fvledilizia.it/3980-large_default/malta-mapei-mapewall-muratura-fine-sacco-da-25-kg.jpg,https://www.fvledilizia.it/malte/2318-4839-malta-mapei-mapewall-muratura-fine-sacco-da-25-kg.html#/193-colore_scritto-grigio
Stucco Mapei Mapewrap 11 (Kit da 6 Kg),Mapei,N/A,N/A,https://www.fvledilizia.it/3981-large_default/stucco-mapei-mapewrap-11-kit-da-6-kg.jpg,https://www.fvledilizia.it/stucchi-per-pareti/2319-stucco-mapei-mapewrap-11-kit-da-6-kg.html
Stucco Mapei Mapewrap 12 (Kit da 6 Kg),Mapei,N/A,N/A,https://www.fvledilizia.it/3983-large_default/stucco-mapei-mapewrap-11-kit-da-6-kg.jpg,https://www.fvledilizia.it/stucchi-per-pareti/2320-stucco-mapei-mapewrap-11-kit-da-6-kg.html
Resina Mapei Mapewrap 21 (Kit da 5 Kg),Mapei,N/A,N/A,https://www.fvledilizia.it/3985-large_default/resina-mapei-mapewrap-21-kit-da-5-kg.jpg,https://www.fvledilizia.it/malte/2321-resina-mapei-mapewrap-21-kit-da-5-kg.html
Adesivo Mapei Mapewrap 31 (Kit da 5 Kg),Mapei,N/A,N/A,https://www.fvledilizia.it/3987-large_default/adesivo-mapei-mapewrap-31-kit-da-5-kg.jpg,https://www.fvledilizia.it/malte/2322-adesivo-mapei-mapewrap-31-kit-da-5-kg.html
"Adesivo Mapei Adesilex MT32 (Confezione da 5,10,20 Kg)",Mapei,N/A,N/A,https://www.fvledilizia.it/5596-large_default/adesivo-mapei-adesilex-mt32-confezione-da-51020-kg.jpg,https://www.fvledilizia.it/malte/2868-7327-adesivo-mapei-adesilex-mt32-confezione-da-51020-kg.html#/112-peso-5_kg
Adesivo Mapei Adesilex VS45 (Confezione da 5 e 14 Kg),Mapei,N/A,N/A,https://www.fvledilizia.it/5600-large_default/adesivo-mapei-adesilex-vs45-confezione-da-5-e-14-kg.jpg,https://www.fvledilizia.it/malte/2870-7334-adesivo-mapei-adesilex-vs45-confezione-da-5-e-14-kg.html#/112-peso-5_kg
Malta Mapei Mape-Antique Nhl Eco Restaura (Sacco da 25 Kg),Mapei,N/A,N/A,https://www.fvledilizia.it/8054-large_default/malta-mapei-mape-antique-nhl-eco-restaura-sacco-da-25-kg.jpg,https://www.fvledilizia.it/malte/3319-malta-mapei-mape-antique-nhl-eco-restaura-sacco-da-25-kg.html
Malta cementizia Mapei Mapelastic (Sacco da 24 Kg + Secchio da 8 Kg),Mapei,N/A,N/A,https://www.fvledilizia.it/8055-large_default/malta-cementizia-mapei-mapelastic-sacco-da-24-kg-secchio-da-8-kg.jpg,https://www.fvledilizia.it/malte/3320-malta-cementizia-mapei-mapelastic-sacco-da-24-kg-secchio-da-8-kg.html
Adesivo cementizio Mapei Keraflex Extra S1 Zero grigio (Sacco da 25 Kg),Mapei,N/A,N/A,https://www.fvledilizia.it/8056-large_default/adesivo-cementizio-mapei-keraflex-extra-s1-zero-grigio-sacco-da-25-kg.jpg,https://www.fvledilizia.it/malte/3321-adesivo-cementizio-mapei-keraflex-extra-s1-zero-grigio-sacco-da-25-kg.html
Malta da rasatura Mapei Poromap Finitura Granello (Sacco da 25 Kg),Mapei,N/A,N/A,https://www.fvledilizia.it/8058-large_default/adesivo-cementizio-mapei-keraflex-extra-s1-zero-sacco-da-25-kg.jpg,https://www.fvledilizia.it/malte/3322-adesivo-cementizio-mapei-keraflex-extra-s1-zero-sacco-da-25-kg.html
Emulsione cremosa Mapei Mapestop Cream (Tubetto da 280 Ml),Mapei,N/A,N/A,https://www.fvledilizia.it/9305-large_default/emulsione-cremosa-mapei-mapestop-cream-tubetto-da-280-ml.jpg,https://www.fvledilizia.it/impermeabilizzanti/3705-emulsione-cremosa-mapei-mapestop-cream-tubetto-da-280-ml.html
Additivo Mapei Mapefluid N200 (Tanica da 10 o 25 Kg),Mapei,N/A,N/A,https://www.fvledilizia.it/11961-large_default/additivo-mapei-mapefluid-n200-tanica-da-10-o-25-kg.jpg,https://www.fvledilizia.it/malte/4159-11048-additivo-mapei-mapefluid-n200-tanica-da-10-o-25-kg.html#/131-peso-10_kg
