nome_prodotto,marca,descrizione,immagine_url,url_prodotto
Top P GK,Poron,Pannello termoisolante resistente alla pressione in polistirene estruso con superficie goffrata e bordo dritto .,https://gruppoporon.com/wp-content/uploads/2025/04/XPS-PremiumP.png,https://gruppoporon.com/product/austrotherm-xps-top-p-gk/
Top 30 SF,Poron,Pannello termoisolante resistente alla pressione in polistirene estruso con battente.,https://gruppoporon.com/wp-content/uploads/2025/04/XPS-battente-1.png,https://gruppoporon.com/product/austrotherm-xps-top-30-sf/
Top 30 GK,Poron,Pannello termoisolante resistente alla pressione in polistirene estruso con superficie liscia e bordo dritto .,https://gruppoporon.com/wp-content/uploads/2025/04/XPS-dritto.png,https://gruppoporon.com/product/austrotherm-xps-top-30-gk/
Top 50 SF,Poron,Pannello termoisolante in polistirene estruso per alti carichi di pressione.,https://gruppoporon.com/wp-content/uploads/2025/04/XPS-battente-1.png,https://gruppoporon.com/product/austrotherm-xps-top-50-sf/
Top 70 SF,Poron,Pannello termoisolante in polistirene estruso per altissimi carichi di pressione.,https://gruppoporon.com/wp-content/uploads/2025/04/XPS-battente-1.png,https://gruppoporon.com/product/austrotherm-xps-top-70-sf/
Premium 30 SF,Poron,"Pannello altamente isolante, resistente alla pressione e idrorepellente in polistirene estruso con battente.",https://gruppoporon.com/wp-content/uploads/2025/04/XPS-battente-1.png,https://gruppoporon.com/product/austrotherm-xps-premium-30-sf/
Plus P,Poron,"Pannello altamente isolante, resistente alla pressione e idrorepellente in polistirene estruso con superficie goffrata .",https://gruppoporon.com/wp-content/uploads/2025/04/XPS-PremiumP.png,https://gruppoporon.com/product/austrotherm-xps-plus-p/
Premium P,Poron,"Pannello altamente isolante, resistente alla pressione e idrorepellente in polistirene estruso con superficie goffrata .",https://gruppoporon.com/wp-content/uploads/2025/04/XPS-PremiumP.png,https://gruppoporon.com/product/austrotherm-xps-premium-p/
Plus 30 SF,Poron,"Pannello altamente isolante, resistente alla pressione e idrorepellente in polistirene estruso con battente .",https://gruppoporon.com/wp-content/uploads/2025/04/XPS-battente-1.png,https://gruppoporon.com/product/austrotherm-xps-plus-30-sf/
Resolution FASSADE,Poron,"Resina fenolica ad alto isolamento termico con struttura a celle chiuse e laminazione Austrotherm EPS® PLUS, per un sistema composito di isolamento termico di facciata.",https://gruppoporon.com/wp-content/uploads/2025/04/FASSADE.png,https://gruppoporon.com/product/resolution-fassade/
Resolution FLOOR,Poron,Resina fenolica ad alto isolamento termico con struttura a celle chiuse per isolamento termico orizzontale.,https://gruppoporon.com/wp-content/uploads/2025/04/FLOOR-FLAT.png,https://gruppoporon.com/product/resolution-floor/
Resolution FLAT ROOF,Poron,Resina fenolica ad alto isolamento termico con struttura a celle chiuse per isolamento termico di coperture piane.,https://gruppoporon.com/wp-content/uploads/2025/04/FLATROOF.png,https://gruppoporon.com/product/resolution-flat-roof/
Neodur Floor,Poron,"NEODUR FLOOR è un pacchetto termoisolante costituito da un elemento in Polistirene Espanso Sinterizzato additivato con grafite a celle chiuse, con finitura prefabbricata a pavimento. Realizzato in un unico spessore di 15 cm tra l’isolante ed il rivestimento, un’ottima soluzione per proteggere il manto di impermeabilizzazione sottostante che viene messo a dura prova dalle fasi di gelo e disgelo, facile da posare in opera grazie alle sue dimensioni di cm 33 x 33. Leggero nella movimentazione ma allo stesso tempo robusto e pedonabile, con un elevato potere isolante grazie alla sua conducibilità termica di 0,030 W/m2k, la più bassa del mercato rispetto ad altri competitor. Dopo essersi assicurati che il sistema di impermeabilizzazione, che sia in natura bituminosa o liquida sia efficace e non permetta all’acqua di infiltrarsi, procedere nella posa di NEODUR FLOOR , partendo da un angolo ed indirizzando la battentatura ad L in sporgenza verso la superficie da coprire, stendere per file parallele ed accostare bene una lastra all’altra, il battente servirà per l’interruzione del ponte termico. L’acqua che passerà tra i giunti di NEODUR FLOOR potrà scorrere facilmente fino ai pluviali ed attraverso i piedini creati nella parte bassa del prodotto. Per un miglior aspetto visivo del prodotto posato in opera è possibile incollare lungo il perimetro ed a battuta sopra di esso dei battiscopa che avranno la funzione ulteriore di bloccare l’intero sistema creato in opera.",https://gruppoporon.com/wp-content/uploads/2023/11/NeodurFloor-1.png,https://gruppoporon.com/product/neodur-floor/
Neodur Rooftop,Poron,"Neodur Rooftop è un pannello in Neopor® accoppiato ad una lastra di Aquapanel® Cement Board , appositamente progettato per gli interventi di riqualificazione energetica in copertura, ideale sui tetti piani ma applicabile anche su coperture a falde degli edifici dove è importante diminuire le dispersioni di calore d’inverno e allo stesso modo proteggerle dal caldo estivo intervenendo all’estradosso del solaio di copertura. I pannelli Neodur Rooftop sono realizzati accoppiando un pannello termoisolante con resistenza alla compressione pari a 200 Kpa ad una lastra in cemento leggera da 12,5 mm rivestita in fibra di vetro. Grazie all’incollaggio industriale, con Neodur Rooftop è possibile mettere in opera sia lo strato isolante sia il pannello Aquapanel® Cement Board in un’unica posa in opera. Nella versione di dimensioni mm 2400×1200, Neodur Rooftop viene generalmente utilizzato per isolare velocemente coperture di grandi superfici tipo condomini e o capannoni industriali e civili, ma viene anche prodotto nella versione “Smart” (dimensioni mm 1200×900) per i piccoli terrazzi di copertura o dove l’applicazione necessità di un pannello di dimensioni ridotte.",https://gruppoporon.com/wp-content/uploads/2023/11/NeodurRooftop-1.png,https://gruppoporon.com/product/neodur-rooftop/
NeodurGuaina Reflex,Poron,"NeodurGuaina Reflex è una guaina liquida impermeabilizzante che, con l’aggiunta di specifici additivi, garantisce una elevata riflessione dei raggi solari diminuendo la temperatura del supporto su cui viene applicata (Cool Roof). A maturazione avvenuta, NeodurGuaina Reflex presenta una totale impermeabilità all’acqua, ineguagliabili caratteristiche di elasticità, elevata resistenza ai raggi solari e agli ambienti marini. Le fibre contenute evitano la posa di ulteriori armature, rinforzando direttamente il materiale e garantendo le caratteristiche di pedonabilità e adeguate resistenze agli ordinari movimenti strutturali causati da vibrazioni e cambiamenti di temperature. NeodurGuaina Reflex è un ottimo e semplice sistema di impermeabilizzazione applicabile facilmente su qualsiasi supporto: tetti piani, balconi, terrazzi, lastrici solari e coperture in genere dove si voglia garantire la riflessione dei raggi solari, diminuendo la temperatura del supporto. È particolarmente indicata per aumentare l’efficienza dei pannelli fotovoltaici. Applicabile su qualsiasi supporto edile: cemento, piastrelle, guaine bituminose, vecchie impermeabilizzazioni. Applicare su supporti perfettamente asciutti. • Elevato indice di riflessione solare; • Risparmio energetico ed economico per la climatizzazione dei locali sottostanti; • Estrema facilità e velocità di applicazione; • Protegge il massetto sottostante dalle aggressioni chimiche ed ambientali; • Pedonabile, resistente ai ristagni di acqua e ai raggi UV",https://gruppoporon.com/wp-content/uploads/2024/02/NeodurGuainaReflex.png,https://gruppoporon.com/product/neodurguaina-reflex/
PoronPend K150,Poron,"PoronPend K150 è un pannello termoisolante sagomato su misura con superficie inclinata ideale per la coibentazione di tetti piani in laterocemento, calcestruzzo, legno di edifici civili e capannoni industriali, di nuova costruzione e in lavori di ristrutturazione, utile a convogliare le acque piovane verso i pluviali attraverso la realizzazione di pendenze, garantendo in tal modo i corretti valori di pendenza costanti per l’intera superficie dell’edificio. Se questo parametro non venisse rispettato, si potrebbero formare pericolosi ristagni d’acqua che rischierebbero di compromettere la funzionalità dell’intero sistema di coibentazione ed impermeabilizzazione. PoronPend K150 ha un’ottima capacità termoisolante e un’ottima resistenza all’assorbimento di acqua, consente una corretta ed omogenea pendenza in tutti i punti della copertura, garantisce il deflusso delle acque e migliora la durabilità del sistema impermeabile, è leggero, di facile e rapida posa. Le dimensioni di lunghezza e larghezza vengono definite solo ad ordine acquisito per lo sviluppo di produzione e la realizzazione di un abaco di montaggio (allegare la planimetria all’ordine). • L’ALTEZZA MINIMA “H2” NON SARÀ MAI INFERIORE A 20 mm • L’ALTEZZA MINIMA “H1” NON SARÀ MAI INFERIORE A 80 mm ATTENZIONE: per spessori uguali o inferiori ad 80 mm – quantitativo minimo ordinabile 100 MQ",https://gruppoporon.com/wp-content/uploads/2023/11/PoronPend.png,https://gruppoporon.com/product/poronpend-k150/
PoronPend K200,Poron,"PoronPend è un pannello termoisolante sagomato su misura con superficie inclinata ideale per la coibentazione di tetti piani in laterocemento, calcestruzzo, legno di edifici civili e capannoni industriali, di nuova costruzione e in lavori di ristrutturazione, utile a convogliare le acque piovane verso i pluviali attraverso la realizzazione di pendenze, garantendo in tal modo i corretti valori di pendenza costanti per l’intera superficie dell’edificio. Se questo parametro non venisse rispettato, si potrebbero formare pericolosi ristagni d’acqua che rischierebbero di compromettere la funzionalità dell’intero sistema di coibentazione ed impermeabilizzazione. Ha un’ottima capacità termoisolante e un’ottima resistenza all’assorbimento di acqua, consente una corretta ed omogenea pendenza in tutti i punti della copertura, garantisce il deflusso delle acque e migliora la durabilità del sistema impermeabile, è leggero, di facile e rapida posa. Le dimensioni di lunghezza e larghezza vengono definite solo ad ordine acquisito per lo sviluppo di produzione e la realizzazione di un abaco di montaggio (allegare la planimetria all’ordine). • L’ALTEZZA MINIMA “H2” NON SARÀ MAI INFERIORE A 20 mm • L’ALTEZZA MINIMA “H1” NON SARÀ MAI INFERIORE A 80 mm ATTENZIONE: per spessori uguali o inferiori ad 80 mm – quantitativo minimo ordinabile 100 MQ",https://gruppoporon.com/wp-content/uploads/2023/11/PoronPend.png,https://gruppoporon.com/product/poronpend-k200/
NeopanPend K150,Poron,"NeopanPend è un pannello termoisolante in EPS accoppiato a guaina bituminosa velovetro da 2 kg/m 2 , sagomato su misura con superficie inclinata ideale per la coibentazione di tetti piani in laterocemento, calcestruzzo, legno di edifici civili e capannoni industriali, di nuova costruzione e in lavori di ristrutturazione, utile a convogliare le acque piovane verso i pluviali attraverso la realizzazione di pendenze, garantendo in tal modo i corretti valori di pendenza costanti per l’intera superficie dell’edificio. Se questo parametro non venisse rispettato, si potrebbero formare pericolosi ristagni d’acqua che rischierebbero di compromettere la funzionalità dell’intero sistema di coibentazione ed impermeabilizzazione. Ha un’ottima capacità termoisolante e un’ottima resistenza all’assorbimento di acqua, consente una corretta ed omogenea pendenza in tutti i punti della copertura, garantisce il deflusso delle acque e migliora la durabilità del sistema impermeabile, è leggero, di facile e rapida posa. Le dimensioni di lunghezza e larghezza vengono definite solo ad ordine acquisito per lo sviluppo di produzione e la realizzazione di un abaco di montaggio (allegare la planimetria all’ordine). • L’ALTEZZA MINIMA “H2” NON SARÀ MAI INFERIORE A 40 mm • L’ALTEZZA MINIMA “H1” NON SARÀ MAI INFERIORE A 80 mm ATTENZIONE: per spessori uguali o inferiori ad 80 mm – quantitativo minimo ordinabile 100 MQ",https://gruppoporon.com/wp-content/uploads/2025/02/NeopanPend.png,https://gruppoporon.com/product/neopanpend-k150/
NeopanPend K200,Poron,"NeopanPend è un pannello termoisolante in EPS accoppiato a guaina bituminosa velovetro da 2 kg/m 2 , sagomato su misura con superficie inclinata ideale per la coibentazione di tetti piani in laterocemento, calcestruzzo, legno di edifici civili e capannoni industriali, di nuova costruzione e in lavori di ristrutturazione, utile a convogliare le acque piovane verso i pluviali attraverso la realizzazione di pendenze, garantendo in tal modo i corretti valori di pendenza costanti per l’intera superficie dell’edificio. Se questo parametro non venisse rispettato, si potrebbero formare pericolosi ristagni d’acqua che rischierebbero di compromettere la funzionalità dell’intero sistema di coibentazione ed impermeabilizzazione. Ha un’ottima capacità termoisolante e un’ottima resistenza all’assorbimento di acqua, consente una corretta ed omogenea pendenza in tutti i punti della copertura, garantisce il deflusso delle acque e migliora la durabilità del sistema impermeabile, è leggero, di facile e rapida posa. Le dimensioni di lunghezza e larghezza vengono definite solo ad ordine acquisito per lo sviluppo di produzione e la realizzazione di un abaco di montaggio (allegare la planimetria all’ordine). • L’ALTEZZA MINIMA “H2” NON SARÀ MAI INFERIORE A 40 mm • L’ALTEZZA MINIMA “H1” NON SARÀ MAI INFERIORE A 80 mm ATTENZIONE: per spessori uguali o inferiori ad 80 mm – quantitativo minimo ordinabile 100 MQ",https://gruppoporon.com/wp-content/uploads/2025/02/NeopanPend.png,https://gruppoporon.com/product/neopanpend-k200/
Neopan Green K200,Poron,"Neopan Green K200 , sono pannelli che consentono la posa in opera in un’unica soluzione di uno strato coibente e permettendo di sfiaccolare sopra una guaina impermeabilizzante adatto per tutte le coperture piane, di tipo industriale o civile. Entrambi i pannelli isolanti hanno dimensioni mm 2000 x 1000 e sono accoppiati a membrana bituminosa con cimosa di sormonto su due lati (lato corto e lato lungo). La cimosa di sormonto da 50 mm consente l’eliminazione dei giunti di connessione tra un pannello e l’altro. Il sormonto su due lati è sempre 50 mm sul lato lungo e 80 mm sul lato corto (sia per la guaina velovetro che ardesiata) Neopan Green K200 , K250 e K300 sono disponibili con guaina bituminosa preaccoppiata tipo velovetro da 2 kg/m 2 o tipo ardesiata da 3,5 kg/m 2 . ATTENZIONE: per spessori uguali o inferiori ad 80 mm – quantitativo minimo ordinabile 100 MQ",https://gruppoporon.com/wp-content/uploads/2023/11/NeopanGreen.png,https://gruppoporon.com/product/neopan-green-k200/
Neopan Green K250,Poron,"Neopan Green K250 , sono pannelli che consentono la posa in opera in un’unica soluzione di uno strato coibente e permettendo di sfiaccolare sopra una guaina impermeabilizzante adatto per tutte le coperture piane, di tipo industriale o civile. Entrambi i pannelli isolanti hanno dimensioni mm 2000 x 1000 e sono accoppiati a membrana bituminosa con cimosa di sormonto su due lati (lato corto e lato lungo). La cimosa di sormonto da 50 mm consente l’eliminazione dei giunti di connessione tra un pannello e l’altro. Il sormonto su due lati è sempre 50 mm sul lato lungo e 80 mm sul lato corto (sia per la guaina velovetro che ardesiata) Neopan Green K200 , K250 e K300 sono disponibili con guaina bituminosa preaccoppiata tipo velovetro da 2 kg/m 2 o tipo ardesiata da 3,5 kg/m 2 . ATTENZIONE: per spessori uguali o inferiori ad 80 mm – quantitativo minimo ordinabile 100 MQ",https://gruppoporon.com/wp-content/uploads/2023/11/NeopanGreen.png,https://gruppoporon.com/product/neopan-green-k250/
Neopan Green K300,Poron,"Neopan Green K300 , sono pannelli che consentono la posa in opera in un’unica soluzione di uno strato coibente e permettendo di sfiaccolare sopra una guaina impermeabilizzante adatto per tutte le coperture piane, di tipo industriale o civile. Entrambi i pannelli isolanti hanno dimensioni mm 2000 x 1000 e sono accoppiati a membrana bituminosa con cimosa di sormonto su due lati (lato corto e lato lungo). La cimosa di sormonto da 50 mm consente l’eliminazione dei giunti di connessione tra un pannello e l’altro. Il sormonto su due lati è sempre 50 mm sul lato lungo e 80 mm sul lato corto (sia per la guaina velovetro che ardesiata) Neopan Green K200 , K250 e K300 sono disponibili con guaina bituminosa preaccoppiata tipo velovetro da 2 kg/m 2 o tipo ardesiata da 3,5 kg/m 2 . ATTENZIONE: per spessori uguali o inferiori ad 80 mm – quantitativo minimo ordinabile 100 MQ",https://gruppoporon.com/wp-content/uploads/2023/11/NeopanGreen.png,https://gruppoporon.com/product/neopan-green-k300/
Neopan K150,Poron,"Neopan K150 è un pannello che consente la posa in opera in un’unica soluzione di uno strato coibente e permettendo di sfiaccolare sopra una guaina impermeabilizzante adatto per tutte le coperture piane, di tipo industriale o civile. Neopan K150 è un pannello isolante mm 2000 x 1000 accoppiato a membrana bituminosa con cimosa di sormonto su due lati. Il sormonto su due lati è sempre 50 mm sul lato lungo e 80 mm sul lato corto (sia per la guaina velovetro che ardesiata) Neopan K150 V è un isolante accoppiato a caldo con guaina impermeabile velovetro da 2 kg/m 2 ; Neopan K150 A è un isolante accoppiato a caldo con guaina impermeabile ardesiata da 3,5 kg/m 2 ; ATTENZIONE: per spessori uguali o inferiori ad 80 mm – quantitativo minimo ordinabile 100 MQ",https://gruppoporon.com/wp-content/uploads/2023/11/Neopan.png,https://gruppoporon.com/product/neopank150/
Neopan K200,Poron,"Neopan K200 è un pannello che consente la posa in opera in un’unica soluzione di uno strato coibente e permettendo di sfiaccolare sopra una guaina impermeabilizzante adatto per tutte le coperture piane, di tipo industriale o civile. Neopan K200 è un pannello isolante mm 2000 x 1000 accoppiato a membrana bituminosa con cimosa di sormonto su due lati. Il sormonto su due lati è sempre 50 mm sul lato lungo e 80 mm sul lato corto (sia per la guaina velovetro che ardesiata) Neopan K200 V è un isolante accoppiato a caldo con guaina impermeabile velovetro da 2 kg/m 2 ; Neopan K200 A è un isolante accoppiato a caldo con guaina impermeabile ardesiata da 3,5 kg/m 2 ; ATTENZIONE: per spessori uguali o inferiori ad 80 mm – quantitativo minimo ordinabile 100 MQ",https://gruppoporon.com/wp-content/uploads/2023/11/Neopan.png,https://gruppoporon.com/product/neopan-k200/
Neopan XPS,Poron,"Neopan XPS V/A è un pannello in Polistirene Estruso (XPS) a celle chiuse, preaccoppiato a guaina bituminosa tipo velovetro da 2 kg/m 2 (tipo V) o tipo ardesiata da 3,5 kg/m 2 è autoestinguente (classe E) e consente la posa in opera in un’unica soluzione di uno strato coibente permettendo di sfiaccolare sopra una guaina impermeabilizzante. È adatto per tutte le coperture piane, di tipo industriale o civile. La cimosa di sormonto consente l’eliminazione dei giunti di connessione tra un pannello e l’altro. Il sormonto su due lati è permesso da una striscia autoadesiva protetta da polietilene siliconato. ATTENZIONE: per spessori uguali o inferiori ad 80 mm – quantitativo minimo ordinabile 100 MQ",https://gruppoporon.com/wp-content/uploads/2025/02/NEOPAN-XPS.png,https://gruppoporon.com/product/neopan-xps/
Neopan PIR,Poron,"Neopan PIR è un sistema di isolamento termico in copertura, costituito da una schiuma in poliuretano espanso, rigida a celle chiuse, di colore giallo, espansa senza l’impiego di CFC o HCFC fra due supporti di carta metallizzata multistrato, accoppiata a membrana bituminosa da sottocoppo e/o sottotegola tipo velovetro da 2 kg/m 2 o tipo ardesiata da 3,5 kg/m 2 , con cimosa di sormonto su due lati. La cimosa di sormonto da 50 mm consente l’eliminazione dei giunti di connessione tra un pannello e l’altro. Il sormonto su due lati (lato corto 50 mm e lato lungo 80 mm) è permesso da una striscia autoadesiva protetta da polietilene siliconato. ATTENZIONE: per spessori uguali o inferiori ad 80 mm – quantitativo minimo ordinabile 100 MQ",https://gruppoporon.com/wp-content/uploads/2024/05/NEOPAN-XPS.png,https://gruppoporon.com/product/neopan-pir/
Winpor Rock,Poron,"WinporRock è un pannello in polistirene espanso sinterizzato e lana di roccia per la termoventilazione dei tetti civili che garantisce un ottimo isolamento termico e acustico. Il sistema è composto da un pannello stampato in Neopor® di BASF , polistirene espanso sinterizzato additivato con grafite, appositamente sagomato con canali di ventilazione a sezione rettangolare e da uno strato di lana di roccia, che garantisce la fonoassorbenza, il tutto assemblato con una lastra di chiusura in OSB, realizzata con essenze legnose stabili trattate contro l’attacco di muffe e parassiti, molto resistente alla compressione (con guaina bituminosa ardesiata preaccoppiata nella versione WinporRock Plus ). Il pannello coibentato, grazie alla sua configurazione, garantisce notevoli vantaggi in fatto di comfort abitativo, semplicità di posa, e di risparmio energetico. Un tetto ventilato, infatti, assicura, nel periodo invernale, un ottimo isolamento termico dato dalla presenza del materiale isolante e, nel periodo estivo, dalla presenza dello strato coibente e dalla ventilazione che permette un raffrescamento naturale del sottostante corpo del fabbricato, realizzando un sottotetto abitabile. Il pannello WinporRock unisce i vantaggi di una rapida posa in opera e un’efficace ventilazione della copertura. Pulizia del cantiere, rapidità di posa in opera ed alte performances termoacustiche sono alcuni dei principali elementi distintivi del sistema. WinporRock risponde alle norme vigenti in materia di isolamento termico, è in possesso della marcatura CE ed è conforme ai requisiti della norma UNI EN 13163; ogni elemento di WinporRock è accuratamente studiato e testato per garantire una lunga vita della copertura, senza necessità di interventi di manutenzione. Materiale a celle chiuse Misure pannello: 2440×1220 mm",https://gruppoporon.com/wp-content/uploads/2023/11/WinporRock-1.png,https://gruppoporon.com/product/winpor-rock/
Winpor Rock Plus,Poron,"WinporRock Plus è un pannello in polistirene espanso sinterizzato e lana di roccia per la termoventilazione dei tetti civili che garantisce un ottimo isolamento termico e acustico. Il sistema è composto da un pannello stampato in Neopor® di BASF , polistirene espanso sinterizzato additivato con grafite, appositamente sagomato con canali di ventilazione a sezione rettangolare e da uno strato di lana di roccia, che garantisce la fonoassorbenza, il tutto assemblato con una lastra di chiusura in OSB, realizzata con essenze legnose stabili trattate contro l’attacco di muffe e parassiti, molto resistente alla compressione, con guaina bituminosa ardesiata preaccoppiata. Il pannello coibentato, grazie alla sua configurazione, garantisce notevoli vantaggi in fatto di comfort abitativo, semplicità di posa, e di risparmio energetico. Un tetto ventilato, infatti, assicura, nel periodo invernale, un ottimo isolamento termico dato dalla presenza del materiale isolante e, nel periodo estivo, dalla presenza dello strato coibente e dalla ventilazione che permette un raffrescamento naturale del sottostante corpo del fabbricato, realizzando un sottotetto abitabile. Il pannello WinporRock Plus unisce i vantaggi di una rapida posa in opera e un’efficace ventilazione della copertura. Pulizia del cantiere, rapidità di posa in opera ed alte performances termoacustiche sono alcuni dei principali elementi distintivi del sistema. WinporRock Plus risponde alle norme vigenti in materia di isolamento termico, è in possesso della marcatura CE ed è conforme ai requisiti della norma UNI EN 13163; ogni elemento di WinporRock Plus è accuratamente studiato e testato per garantire una lunga vita della copertura, senza necessità di interventi di manutenzione. Materiale a celle chiuse Misure pannello: 2440×1220 mm",https://gruppoporon.com/wp-content/uploads/2023/11/WinporRockPlus.png,https://gruppoporon.com/product/winpor-rock-plus/
Neowood Rock,Poron,"NeowoodRock è un pannello in polistirene espanso sinterizzato e lana di roccia per l’isolamento termico e acustico dei tetti civili e industriali. Il sistema è composto da un pannello tagliato in Neopor® di BASF , polistirene espanso sinterizzato additivato con grafite e da uno strato di lana di roccia, che garantisce la fonoassorbenza, il tutto assemblato con una lastra di chiusura in OSB, realizzata con essenze legnose stabili trattate contro l’attacco di muffe e parassiti, molto resistente alla compressione. Il pannello coibentato, grazie alla sua configurazione, garantisce notevoli vantaggi in fatto di comfort abitativo, semplicità di posa, e di risparmio energetico. Pulizia del cantiere, rapidità di posa in opera ed alte performances termoacustiche sono alcuni dei principali elementi distintivi del sistema. NeowoodRock risponde alle norme vigenti in materia di isolamento termico, è in possesso della marcatura CE ed è conforme ai requisiti della norma UNI EN 13163; ogni elemento di NeowoodRock è accuratamente studiato e testato per garantire una lunga vita della copertura. Misure pannello: 2440×1220 mm",https://gruppoporon.com/wp-content/uploads/2023/11/NeowoodRock-1.png,https://gruppoporon.com/product/neowood-rock/
Neowood Rock Plus,Poron,"Neowood Rock Plus è un pannello in polistirene espanso sinterizzato e lana di roccia per l’isolamento termico e acustico dei tetti civili e industriali. Il sistema è composto da un pannello tagliato in Neopor ® di BASF, polistirene espanso sinterizzato additivato con grafite e da uno strato di lana di roccia, che garantisce la fonoassorbenza, il tutto assemblato con una lastra di chiusura in OSB, realizzata con essenze legnose stabili trattate contro l’attacco di muffe e parassiti, molto resistente alla compressione e preaccoppiata a guaina bituminosa ardesiata da 3,5 kg. Il pannello coibentato, grazie alla sua configurazione, garantisce notevoli vantaggi in fatto di comfort abitativo, semplicità di posa, e di risparmio energetico. Pulizia del cantiere, rapidità di posa in opera ed alte performances termoacustiche sono alcuni dei principali elementi distintivi del sistema. Neowood Rock Plus risponde alle norme vigenti in materia di isolamento termico, è in possesso della marcatura CE ed è conforme ai requisiti della norma UNI EN 13163; ogni elemento di Neowood Rock Plus è accuratamente studiato e testato per garantire una lunga vita della copertura. Misure pannello: 2440×1220 mm",https://gruppoporon.com/wp-content/uploads/2023/11/NeowoodRockPlus.png,https://gruppoporon.com/product/neowood-rock-plus/
Roof Rock,Poron,"L’applicazione di pannelli in lana di roccia per l’isolamento termico delle coperture a falde offre elevate prestazioni. La lana di roccia è resistente al fuoco, traspirante e fonoassorbente. Si adatta facilmente alla struttura del tetto, assicurando un’ottima coibentazione grazie alla sua densità e capacità di trattenere il calore. La posa è semplice, con i pannelli inseriti tra le travi o sopra l’orditura, garantendo continuità nell’isolamento e protezione dall’umidità con una copertura impermeabile. Vantaggi: • Elevato isolamento termico: La lana di roccia ha un’ottima capacità di trattenere il calore, riducendo le dispersioni energetiche e migliorando l’efficienza termica della struttura. • Resistenza al fuoco: È incombustibile e protegge l’edificio in caso di incendio, offrendo sicurezza. • Fonoassorbenza: Riduce la trasmissione dei rumori esterni, migliorando il comfort acustico. • Durabilità: Resiste nel tempo senza perdere le sue proprietà isolanti, anche in condizioni di umidità. • Traspirabilità: Permette il passaggio del vapore acqueo, prevenendo la formazione di condensa e muffa.",https://gruppoporon.com/wp-content/uploads/2023/11/RoofRock.png,https://gruppoporon.com/product/roof-rock/
Neopan Rock,Poron,"Neopan Rock V/A è un pannello in Polistirene Estruso (XPS) a celle chiuse, preaccoppiato a guaina bituminosa tipo velovetro da 2 kg/m 2 (tipo V) o tipo ardesiata da 3,5 kg/m 2 è autoestinguente (classe E) e consente la posa in opera in un’unica soluzione di uno strato coibente permettendo di sfiaccolare sopra una guaina impermeabilizzante. È adatto per tutte le coperture piane, di tipo industriale o civile. La cimosa di sormonto da 50 mm consente l’eliminazione dei giunti di connessione tra un pannello e l’altro. Il sormonto su due lati (lato corto 50 mm e lato lungo 80 mm) è permesso da una striscia autoadesiva protetta da polietilene siliconato. ATTENZIONE: per spessori uguali o inferiori ad 80 mm – quantitativo minimo ordinabile 100 MQ",https://gruppoporon.com/wp-content/uploads/2025/02/NeopanRock.png,https://gruppoporon.com/product/neopan-rock/
Winpor,Poron,"Winpor è un sistema che consente la posa in opera rapida e sicura di un sistema di isolamento termico ventilato in copertura. Winpor è composto da un pannello stampato in Neopor® con battente sui 4 lati, accoppiato ad un pannello in OSB tipo 3 da 13 mm, prodotto senza formaldeide. La parte isolante presenta dei distanziali di 50 mm a file sfalsate che consentono una ventilazione bidirezionale, pur con una conduzione monodirezionale dei canali; la perfetta aderenza tra i distanziali e il pannello OSB è assicurata dall’incollaggio industriale. In questo modo si crea un’intercapedine tra il manto di copertura (tegole o coppi) e lo strato isolante, creando così una ventilazione costante tra la linea di gronda e il colmo (effetto camino). Materiale a celle chiuse Misure pannello: 2440×1220 mm",https://gruppoporon.com/wp-content/uploads/2023/11/Winpor.png,https://gruppoporon.com/product/winpor/
Winpor Plus,Poron,"Winpor Plus è un sistema che consente la posa in opera rapida e sicura di un sistema di isolamento termico ventilato in copertura, già in parte impermeabilizzato. Winpor Plus è composto da un pannello stampato in Neopor® con battente sui 4 lati, accoppiato ad un pannello in OSB tipo 3 da 13 mm, prodotto senza formaldeide, rivestito da guaina bituminosa ardesiata da 3,5 kg . La parte isolante presenta dei distanziali di 50 mm che consentono una ventilazione bidirezionale, la perfetta aderenza tra i distanziali e il pannello OSB è assicurata dall’incollaggio industriale. In questo modo si crea un’intercapedine tra il manto di copertura (tegole o coppi) e lo strato isolante, creando così una ventilazione costante tra la linea di gronda e il colmo. Materiale a celle chiuse",https://gruppoporon.com/wp-content/uploads/2023/11/WinporPlus.png,https://gruppoporon.com/product/winpor-plus/
Neowood,Poron,"Neowood è un pannello che consente la posa in opera in un’unica soluzione dell’isolamento termico e della struttura portante del manto di copertura. Neowood è composto da uno strato isolante tagliato da blocco Neopor ® , accoppiato ad un pannello di OSB 3 da 13 mm senza formaldeide, rivestito con guaina bituminosa ardesiata da 3,5 kg nella versione Neowood Plus . Il sistema Neowood è tra i più versatili, può essere utilizzato per la coibentazione dei tetti a falde, nelle coperture piane o in soppalchi. Misure pannello: 2440×1220 mm",https://gruppoporon.com/wp-content/uploads/2023/11/Neowood.png,https://gruppoporon.com/product/neowood/
Neowood Plus,Poron,"Neowood Plus è un pannello che consente la posa in opera in un’unica soluzione dell’isolamento termico e della struttura portante del manto di copertura. Neowood Plus è composto da uno strato isolante tagliato da blocco Neopor ® , accoppiato ad un pannello di OSB 3 da 13 mm senza formaldeide, rivestito con guaina bituminosa ardesiata da 3,5 kg.Il sistema Neowood Plus è tra i più versatili, può essere utilizzato per la coibentazione dei tetti a falde e nelle coperture piane. Misure pannello: 2440×1220 mm",https://gruppoporon.com/wp-content/uploads/2024/05/NeowoodPlus.png,https://gruppoporon.com/product/neowood-plus/
Neowood Dual,Poron,"Neowood Dual è un pannello che consente la posa in opera in un’unica soluzione dell’isolamento termico e della struttura portante del manto di copertura. Neowood Dual è composto da uno strato isolante tagliato da blocco Neopor ® , accoppiato ad un doppio pannello di OSB da 13 mm. Il sistema Neowood Dual è tra i più versatili, può essere utilizzato per la coibentazione dei tetti a falde, nelle coperture piane o in soppalchi. Misure pannello: 2440×1220 mm",https://gruppoporon.com/wp-content/uploads/2023/11/NeowoodDual.png,https://gruppoporon.com/product/neowood-dual/
Porontek,Poron,"Porontek consente la posa sicura in un’unica soluzione dell’isolamento termico e della struttura portante del manto di copertura. È un sistema isolante di coperture a falde composto da Neodur® di spessore variabile da 60 a 160 mm, ricoperto da uno strato di alluminio goffrato e con listello fissa-tegola in acciaio zincato con trama reticolare forata per micro-ventilazione sotto tegola di 30 mm. Porontek ha un cuore termoisolante rivestito da film alluminato che, oltre a preservare nel tempo lo strato coibente, consente di ottenere un ulteriore miglioramento dell’isolamento termico. I pannelli Neodur® sono caratterizzati da una battentatura ad “L” sui 4 lati che permette di evitare qualunque possibile formazione di ponti termici nelle giunzioni tra un pannello e l’altro. Porontek è disponibile nei passi tegola: 330 – 340 – 342 – 345 – 350 – 352 – 360 – 375 mm. Il correntino in acciaio zincato, integrato nel pannello, è uno dei punti di forza del sistema Porontek. La sua trama reticolare con fori è ideale per ottenere un’ottimale micro-ventilazione sotto tegola dalla gronda al colmo, che preserva nel tempo l’integrità del manto di copertura, e consente un corretto scolo in gronda dell’acqua piovana, in caso di infiltrazioni accidentali. Materiale a celle chiuse ATTENZIONE: per spessori uguali o inferiori ad 80 mm – quantitativo minimo ordinabile 100 MQ",https://gruppoporon.com/wp-content/uploads/2023/11/Porontek.png,https://gruppoporon.com/product/porontek/
Porontek Max Air,Poron,"Porontek Max Air consente la posa sicura in un’unica soluzione dell’isolamento termico e della struttura portante del manto di copertura. È un sistema isolante di coperture a falde composto da Neodur® di spessore variabile da 60 a 160 mm, ricoperto da uno strato di alluminio goffrato e con listello fissa-tegola in acciaio zincato con trama reticolare forata per ventilazione sotto tegola di 50 mm. Porontek Max Air ha un cuore termoisolante rivestito da film alluminato che, oltre a preservare nel tempo lo strato coibente, consente di ottenere un ulteriore miglioramento dell’isolamento termico. I pannelli Neodur® sono caratterizzati da una battentatura ad “L” sui 4 lati che permette di evitare qualunque possibile formazione di ponti termici nelle giunzioni tra un pannello e l’altro. Porontek Max Air è disponibile nei passi tegola: 330 – 340 – 342 – 345 – 350 – 352 – 360 – 375 mm. Il correntino in acciaio zincato, integrato nel pannello, è uno dei punti di forza del sistema Porontek Max Air . La sua trama reticolare con fori è ideale per ottenere un’ottimale ventilazione sotto tegola dalla gronda al colmo, che preserva nel tempo l’integrità del manto di copertura, e consente un corretto scolo in gronda dell’acqua piovana, in caso di infiltrazioni accidentali. Materiale a celle chiuse ATTENZIONE: per spessori uguali o inferiori ad 80 mm – quantitativo minimo ordinabile 100 MQ",https://gruppoporon.com/wp-content/uploads/2023/11/PorontekMaxAir.png,https://gruppoporon.com/product/porontek-max-air/
NeodurTeg,Poron,"NeodurTeg è il pannello preformato accoppiato a lamiera esterna effetto tegola rossa o tegola anticata ,realizzato in Neopor . Il pannello è stato appositamente progettato per l’isolamento termico delle coperture a falde che consente la posa rapida e sicura in un’unica soluzione dello strato coibente e del manto di copertura. La cimosa di sormonto su due lati del pannello ne consente un facile e rapido fissaggio meccanico. NeodurTeg presenta uno strato continuo di consistente spessore, lo strato superiore ondulato crea invece un alloggio ideale per la lamiera effetto tegola incollata al di sopra. NeodurTeg è stato progettato per abbattere i costi di posa in opera, un sistema isolante ideale non solo su coperture in laterocemento, ma grazie alla sua versatilità consente la realizzazione di porticati, tettoie, box auto ecc.",https://gruppoporon.com/wp-content/uploads/2023/11/NeodurTeg.png,https://gruppoporon.com/product/neodurteg-ar/
Neodurteg Plus,Poron,"NeodurTeg Plus è il nuovo pannello preformato accoppiato a lamiera esterna effetto tegola, realizzato con materia prima rinnovabile, derivata da biomassa di BASF (N eopor® BMBcert™ ). Il pannello è stato appositamente progettato per l’isolamento termico delle coperture a falde che consente la posa rapida e sicura in un’unica soluzione dello strato coibente e del manto di copertura. La cimosa di sormonto su due lati del pannello ne consente un facile e rapido fissaggio meccanico. NeodurTeg Plus presenta uno strato continuo di consistente spessore, lo strato superiore ondulato crea invece un alloggio ideale per la lamiera effetto tegola incollata al di sopra. NeodurTeg Plus è stato studiato per abbattere i costi di posa in opera, un sistema isolante ideale non solo su coperture in laterocemento, ma grazie alla sua versatilità consente la realizzazione di porticati, tettoie, box auto. «PANNELLO “MADE BY PORON” CONCEPITO CON APPROCCIO BIOMASS BALANCE E CERTIFICATO 100% REMADE IN ITALY» NeodurTeg Plus utilizza polistirene espanso ottenuto da materie prime rinnovabili derivanti da biomassa, quali sottoprodotti di rifiuti organici, con attribuzione al prodotto finito mediante bilancio di massa, ottenendo da Bureau Veritas Italia la certificazione ReMade in Italy, come materia prima seconda prodotta da fonti rinnovabili, dopo verifica della tracciabilità del processo. NeodurTeg Plus ha, dunque, tutti i requisiti per usufruire del Superbonus al 110% previsto dal Decreto Rilancio, in cui si chiede che i materiali isolanti utilizzati debbano rispettare i Criteri Ambientali Minimi “CAM” (D.M. 23/06/22).",https://gruppoporon.com/wp-content/uploads/2023/11/NeodurTegPlus-1.png,https://gruppoporon.com/product/neodurteg-plus/
Thermacop Plus,Poron,"Thermacop Plus è un pannello sagomato con motivo ondulato, pre-accoppiato a membrana bituminosa poliestere armata ardesiata da 3,5 kg con cimosa di sormonto. Il pannello è stato appositamente progettato per l’isolamento termico delle coperture a falde che consente la posa rapida e sicura del manto di copertura in coppi. La cimosa di sormonto su due lati del pannello ne consente un facile e rapido fissaggio meccanico. Thermacop Plus presenta uno strato continuo di consistente spessore, lo strato superiore ondulato crea invece un alloggio ideale per la posa dei coppi. Thermacop Plus è stato progettato per abbattere i costi di posa in opera, le sue speciali sagome per le diverse tipologie di coppo ne facilitano la posa e garantiscono l’allineamento a regola d’arte. Lo strato continuo della superficie isolante e la battentatura sui lati corti limitano la formazione di ponti termici; i rilievi di forma compatta e piena aumentano la massa isolante e costituiscono un solido appoggio per il manto di copertura. ATTENZIONE: per spessori uguali o inferiori ad 80 mm – quantitativo minimo ordinabile 100 MQ",https://gruppoporon.com/wp-content/uploads/2023/11/ThermacopPlus.png,https://gruppoporon.com/product/thermacop-plus/
Tegopor,Poron,"Tegopor è stato progettato per abbattere i costi di posa in opera. Le sue speciali sagome per i diversi passi di tegola (315 – 330 – 345 – 350 – 360 – 375) facilitano la posa delle tegole e ne garantiscono l’allineamento a regola d’arte. Lo strato continuo della superficie isolante e la battentatura sui 4 lati (a L sui due lati lunghi e ad incastro sui lati corti), garantiscono l’assenza di dispersioni termiche e l’infiltrazione di acqua persegue lo scivolamento dato dalla pendenza. Tegopor è l’innovativo pannello termoisolante traspirante del Gruppo Poron. La sua caratteristica principale, oltre al ridotto assorbimento di acqua, è l’elevata resistenza meccanica che, unita alla bassissima conducibilità termica, lo rendono particolarmente versatile per tutte le tipologie di tetti a falda inclinata. Tegopor permette di utilizzare spessori contenuti, a vantaggio delle superfici interne nelle nuove costruzioni o negli interventi di ristrutturazione e restauro, dove lo spazio tecnico di installazione a disposizione risulti limitato. ATTENZIONE: per spessori uguali o inferiori ad 80 mm – quantitativo minimo ordinabile 100 MQ",https://gruppoporon.com/wp-content/uploads/2023/11/Tegopor.png,https://gruppoporon.com/product/tegopor/
Neodur SL K100,Poron,"Neodur® SL K100 è l’innovativo pannello termoisolante traspirante del Gruppo Poron. La sua caratteristica principale è l’elevata resistenza meccanica, rispetto ad altri materiali isolanti, in particolar modo quelli fibrosi. Il termico della lastra Neodur® SL K100 è uno dei più bassi fra gli isolanti in commercio. Neodur® SL K100 permette di utilizzare spessori contenuti, a vantaggio delle superfici interne nelle nuove costruzioni o negli interventi di ristrutturazione e restauro, dove lo spazio tecnico di installazione a disposizione risulti limitato. Le lastre Neodur® SL K100 sono leggere e hanno una elevata resistenza meccanica per una movimentazione di cantiere agevole e sicura. Indipendentemente dallo spessore isolante, la conducibilità termica di Neodur® SL K100 rimane costante e garantisce livelli di isolamento termico molto alti, permettendo la riduzione degli spessori rispetto al tradizionale EPS o anche all’XPS (polistirene estruso). A parità di spessori otterremo invece delle capacità isolanti superiori. Il pannello è stato ideato per diverse tipologie di coibentazione, in particolar modo l’ isolamento termico di tetti a falda. Materiale a celle chiuse",https://gruppoporon.com/wp-content/uploads/2023/11/NeodurBK.png,https://gruppoporon.com/product/neodur-sl-k100/
Neopan Onda,Poron,"Neopan Onda è un pannello in EPS, presagomato per adattarsi al fibrocemento nella parte inferiore e rivestito di guaina bituminosa tipo velovetro da 2 kg/m 2 nella parte superiore, che consente la posa in opera in un’unica soluzione di uno strato coibente e dell’impermeabilizzante; è adatto per tutte le coperture piane, di tipo industriale o civile. La cimosa di sormonto da 50 mm consente l’eliminazione dei giunti di connessione tra un pannello e l’altro. Il sormonto su due lati è sempre 50 mm sul lato lungo e 80 mm sul lato corto ed è permesso da una striscia autoadesiva protetta da polietilene siliconato. ATTENZIONE: per spessori uguali o inferiori ad 80 mm – quantitativo minimo ordinabile 100 MQ",https://gruppoporon.com/wp-content/uploads/2024/05/NeopanOnda.png,https://gruppoporon.com/product/neopan-onda/
Neopan Greca,Poron,"Neopan Greca è un pannello in EPS, presagomato nella parte inferiore, per seguire la forma del pannello in lamiera grecata da rivestire, accoppiato a membrana bituminosa sottocoppo e/o sottotegola tipo “velovetro” da 2 kg/m2, con cimosa di sormonto su due lati. Neopan Greca è un sistema termoisolante costituito da polistirene espanso sinterizzato a ritardata propagazione di fiamma presagomato, nella parte inferiore, secondo le varie forme delle lastre di fibrocemento; la parte superiore piana è rivestita da una membrana impermeabile bitume polimero. La cimosa di sormonto da 50 mm consente l’eliminazione dei giunti di connessione tra un pannello e l’altro. Il sormonto su due lati è sempre 50 mm sul lato lungo e 80 mm sul lato corto ed è permesso da una striscia autoadesiva protetta da polietilene siliconato. ATTENZIONE: per spessori uguali o inferiori ad 80 mm – quantitativo minimo ordinabile 100 MQ",https://gruppoporon.com/wp-content/uploads/2024/05/NeopanGreca.png,https://gruppoporon.com/product/neopan-greca/
Neopan K100,Poron,"Neopan K100 è un pannello che consente la posa in opera in un’unica soluzione di uno strato coibente e permettendo di sfiaccolare sopra una guaina impermeabilizzante adatto per tutte le coperture di tipo industriale o civile, a falda inclinata. Neopan K100 è un pannello isolante mm 2000 x 1000 accoppiato a membrana bituminosa velovetro con cimosa di sormonto su due lati (lato corto e lato lungo). Il sormonto su due lati è sempre 50 mm sul lato lungo e 80 mm sul lato corto (sia per la guaina velovetro che ardesiata) Neopan K100 V è un isolante accoppiato a caldo con guaina impermeabile velovetro da 2 kg/m 2 ; Neopan K100 A è un isolante accoppiato a caldo con guaina impermeabile velovetro da 3,5 kg/m 2 ; ATTENZIONE: per spessori uguali o inferiori ad 80 mm – quantitativo minimo ordinabile 100 MQ",https://gruppoporon.com/wp-content/uploads/2023/11/Neopan.png,https://gruppoporon.com/product/neopan-k100/
Neopan White K100,Poron,"Neopan K100 V/A è un pannello che consente la posa in opera in un’unica soluzione di uno strato coibente e permettendo di sfiaccolare sopra una guaina impermeabilizzante adatto per tutte le coperture di tipo industriale o civile, a falda inclinata. Neopan K100 V/A è un pannello isolante mm 2000 x 1000 accoppiato a membrana bituminosa velovetro con cimosa di sormonto su due lati (lato corto e lato lungo). Il sormonto su due lati è sempre 50 mm sul lato lungo e 80 mm sul lato corto (sia per la guaina velovetro che ardesiata) Neopan K100 V è un isolante accoppiato a caldo con guaina impermeabile velovetro da 2 kg/m 2 ; Neopan K100 A è un isolante accoppiato a caldo con guaina impermeabile velovetro da 3,5 kg/m 2 ; ATTENZIONE: per spessori uguali o inferiori ad 80 mm – quantitativo minimo ordinabile 100 MQ",https://gruppoporon.com/wp-content/uploads/2025/02/NEOPAN-W.png,https://gruppoporon.com/product/neopan-white-k100/
Neopan White K150,Poron,"Neopan K150 V/A è un pannello che consente la posa in opera in un’unica soluzione di uno strato coibente e permettendo di sfiaccolare sopra una guaina impermeabilizzante adatto per tutte le coperture di tipo industriale o civile, a falda inclinata. Neopan K150 V/A è un pannello isolante mm 2000 x 1000 accoppiato a membrana bituminosa velovetro con cimosa di sormonto su due lati (lato corto e lato lungo). Il sormonto su due lati è sempre 50 mm sul lato lungo e 80 mm sul lato corto (sia per la guaina velovetro che ardesiata) Neopan K150 V è un isolante accoppiato a caldo con guaina impermeabile velovetro da 2 kg/m 2 ; Neopan K150 A è un isolante accoppiato a caldo con guaina impermeabile velovetro da 3,5 kg/m 2 ; ATTENZIONE: per spessori uguali o inferiori ad 80 mm – quantitativo minimo ordinabile 100 MQ",https://gruppoporon.com/wp-content/uploads/2025/02/NEOPAN-W.png,https://gruppoporon.com/product/neopan-white-k150/
PoronGreen SB,Poron,"Porongreen SB è la soluzione stampata e battentata per l’isolamento termico orizzontale in EPS, che unisce elevata resistenza meccanica ad una bassa conducibilità termica, per un prodotto particolarmente versatile. Il lambda termico della lastra Porongreen SB è uno dei più bassi fra gli isolanti in commercio. Porongreen SB permette di utilizzare spessori contenuti, a vantaggio delle superfici interne nelle nuove costruzioni o negli interventi di ristrutturazione e restauro, dove lo spazio tecnico di installazione a disposizione risulti limitato. Le lastre Porongreen SB sono leggere e hanno una elevata resistenza meccanica per una movimentazione di cantiere agevole e sicura. Indipendentemente dallo spessore isolante, la conducibilità termica di Porongreen SB rimane costante e garantisce livelli di isolamento termico molto alti, permettendo la riduzione degli spessori rispetto ad altri materiali isolanti come l’XPS (polistirene estruso). A parità di spessori otterremo invece delle capacità isolanti superiori. Il pannello è stato ideato per tutte le tipologie di coibentazione in cui, oltre ad alte prestazioni termiche, è necessario ottenere anche elevati standard di resistenza meccanica, come ad esempio nel caso di isolamento termico di pavimenti, coperture piane, tetti a falda ecc. 100% Materiale a celle chiuse",https://gruppoporon.com/wp-content/uploads/2024/05/PoronGreenSBK300.png,https://gruppoporon.com/product/porongreen-sb-k300/
PoronGreen SL,Poron,"Porongreen SL è la soluzione stampata a bordo dritto per l’isolamento termico orizzontale in EPS, che unisce elevata resistenza meccanica ad una bassa conducibilità termica, per un prodotto particolarmente versatile. Il lambda termico della lastra Porongreen SL è uno dei più bassi fra gli isolanti in commercio. Porongreen SL permette di utilizzare spessori contenuti, a vantaggio delle superfici interne nelle nuove costruzioni o negli interventi di ristrutturazione e restauro, dove lo spazio tecnico di installazione a disposizione risulti limitato. Le lastre Porongreen SL sono leggere e hanno una elevata resistenza meccanica per una movimentazione di cantiere agevole e sicura. Indipendentemente dallo spessore isolante, la conducibilità termica di Porongreen SL rimane costante e garantisce livelli di isolamento termico molto alti, permettendo la riduzione degli spessori rispetto ad altri materiali isolanti come l’XPS (polistirene estruso). A parità di spessori otterremo invece delle capacità isolanti superiori. Il pannello è stato ideato per tutte le tipologie di coibentazione in cui, oltre ad alte prestazioni termiche, è necessario ottenere anche elevati standard di resistenza meccanica, come ad esempio nel caso di isolamento termico di pavimenti, coperture piane, tetti a falda ecc. 100% Materiale a celle chiuse",https://gruppoporon.com/wp-content/uploads/2025/02/PGREEN-SL.png,https://gruppoporon.com/product/porongreen-sl-k300/
NeodurSB K150,Poron,"Neodur® SB K150 è l’innovativo pannello termoisolante traspirante del Gruppo Poron. La sua caratteristica principale, oltre al ridotto assorbimento di acqua, è l’elevata resistenza meccanica che, unita alla bassissima conducibilità termica e alla battentatura ad L sui quattro lati, lo rendono particolarmente versatile. Il termico della lastra Neodur® SB K150 è uno dei più bassi fra gli isolanti in commercio. Neodur® SB K150 permette di utilizzare spessori contenuti, a vantaggio delle superfici interne nelle nuove costruzioni o negli interventi di ristrutturazione e restauro, dove lo spazio tecnico di installazione a disposizione risulti limitato. Le lastre Neodur® SB K150 sono leggere e hanno una elevata resistenza meccanica per una movimentazione di cantiere agevole e sicura. Indipendentemente dallo spessore isolante, la conducibilità termica di Neodur® SB K150 rimane costante e garantisce livelli di isolamento termico molto alti, permettendo la riduzione degli spessori rispetto al tradizionale EPS o anche all’XPS (polistirene estruso). A parità di spessori otterremo invece delle capacità isolanti superiori. Il pannello è stato ideato per tutte le tipologie di coibentazione in cui, oltre ad alte prestazioni termiche, è necessario ottenere anche elevati standard di resistenza meccanica, come ad esempio nel caso di isolamento termico di pavimenti, coperture piane, tetti a falda ecc. 100% Materiale a celle chiuse",https://gruppoporon.com/wp-content/uploads/2023/11/NeodurSB.png,https://gruppoporon.com/product/neodursb-k150/
Neodur BK200,Poron,"NeodurB K200 è la lastra tagliata da blocco ad alta resistenza meccanica. Grazie alla grafite contenuta all’interno della materia prima, NeodurB K200 è la giusta combinazione tra elevata capacità isolante e resistenza meccanica, traspirabilità facilità di movimentazione in cantiere. NeodurB K200 è una lastra tagliata da blocco a bordo dritto che si presta a svariate tipologie applicative. Le lastre sono realizzate partendo da un blocco in Neopor® che viene opportunamente tagliato con filo caldo. E’ possibile realizzare qualsiasi tipo di spessore. Il formato standard delle lastre termoisolanti NeodurB K200 è 1000×500 mm, con spessori a partire da 20 mm. Questa dimensione si adatta a tutte le esigenze applicative nel campo dell’isolamento termico. Grazie alla elevata resistenza meccanica, le lastre tagliate da blocco NeodurB K200 possono essere impiegate anche in altre applicazioni, come l’isolamento in intercapedine o l’isolamento in copertura.",https://gruppoporon.com/wp-content/uploads/2023/11/NeodurBK.png,https://gruppoporon.com/product/neodur-bk200/
Poron BK200,Poron,"Poron BK200 è un pannello termoisolante di colore bianco tagliato da blocco a bordo dritto, realizzato in polistirene espanso sinterizzato (EPS). Le lastre P oron BK200 sono leggere, resistenti agli urti, traspiranti e hanno ottime caratteristiche termoisolanti; inoltre risultano particolarmente facili da movimentare e da stoccare. Altrettanto facile ne risulta la lavorabilità in cantiere, per la quale non è necessario alcun tipo di abbigliamento protettivo. Le lastre sono tagliate da blocco con filo caldo. E’ possibile realizzare qualsiasi tipo di spessore. Il formato standard delle lastre termoisolanti Poron BK200 è 1000×500 mm, con spessori a partire da 10 mm. Questa dimensione si adatta a tutte le esigenze applicative nel campo dell’isolamento termico, utilizzato anche come zoccolatura nel sistema a cappotto.",https://gruppoporon.com/wp-content/uploads/2023/11/PoronB.png,https://gruppoporon.com/product/poron-b033-k200/
Poron BK150,Poron,"Poron BK150 è un pannello termoisolante di colore bianco tagliato da blocco a bordo dritto, realizzato in polistirene espanso sinterizzato (EPS). Le lastre Poron BK150 sono leggere, resistenti agli urti, traspiranti e hanno ottime caratteristiche termoisolanti; inoltre risultano particolarmente facili da movimentare e da stoccare. Altrettanto facile ne risulta la lavorabilità in cantiere, per la quale non è necessario alcun tipo di abbigliamento protettivo. Le lastre sono tagliate da blocco con filo caldo. E’ possibile realizzare qualsiasi tipo di spessore. Il formato standard delle lastre termoisolanti Poron BK150 è 1000×500 mm, con spessori a partire da 10 mm. Questa dimensione si adatta a tutte le esigenze applicative nel campo dell’isolamento termico, utilizzato anche come zoccolatura nel sistema a cappotto.",https://gruppoporon.com/wp-content/uploads/2023/11/PoronB.png,https://gruppoporon.com/product/poron-b034-k150/
NeodurTherm,Poron,"NeodurTherm è un intonaco termoisolante fibrorinforzato a base di perle vergini di polistirene espanso Neopor® , ad elevato potere termoisolante, prodotto con impianto automatizzato, per intonaci di sottofondo termoisolanti in interno ed esterno o protezione termica su travi e pilastri in cemento armato. Una scelta accurata e selettiva delle materie prime condotte ad una perfetta curva granulometrica, grazie all’utilizzo di impianti di frantumazione propri, producono con la sola aggiunta di acqua una malta eccezionalmente plastica e facilmente lavorabile. Non fessura, non si distacca, Neodurtherm è traspirante e resistente all’urto. Di buona traspirazione, regola l’umidità, è resistente alle intemperie, riduce la perdita di calore per conduzione e irraggiamento.",https://gruppoporon.com/wp-content/uploads/2024/02/NeodurTherm.png,https://gruppoporon.com/product/neodurtherm/
NeoPerla,Poron,"Neoperla è il sistema di isolamento termico per insufflaggio in parete composto da perle vergini semisferiche in EPS additivate con grafite. Grazie alle perle di EPS prodotte con Neopor® Basf, Neoperla è prodotto ecocompatibile ed ecosostenibile come testimoniato dall’LCA della materia prima della multinazionale tedesca per la sua durabilità, la caratteristica resistenza all’acqua e la stabilità nella locazione, rendendo il prodotto un isolante ideale per l’intera durata dell’edificio. Neoperla è stato ideato per l’isolamento termico delle intercapedini in parete ed in copertura, dunque è particolarmente indicato per tutti gli interventi di ristrutturazione e riqualificazione energetica di edifici esistenti, dove non è possibile intervenire con lastre da intercapedine o isolamento a cappotto.",https://gruppoporon.com/wp-content/uploads/2023/11/Neoperla-1.png,https://gruppoporon.com/product/neoperla/
Neodur TA,Poron,"Neodur TA è la lastra stampata con incastro maschio/femmina sul lato lungo, studiata appositamente per l’isolamento termico delle pareti in intercapedine. La sua grande superficie e la particolare battentatura ad incastro rendono la coibentazione in intercapedine estremamente rapida ed efficace e velocizzano sensibilmente la posa in opera. L’incastro maschio/femmina permette di fissare alla parete soltanto alcuni pannelli che manterranno a loro volta in posizione anche quelli adiacenti. Neodur TA viene posato su tutta la superficie di una delle due pareti della doppia muratura. Solitamente le lastre in intercapedine vengono incollate sulla parete esterna. Le lastre Neodur TA hanno un assorbimento d’acqua del tutto trascurabile, non è dunque necessario contro intonacare la parete esterna prima della posa del materiale isolante, operazione indispensabile con l’utilizzo di altri materiali. Non ridurre lo spessore isolante per ottenere una maggiore intercapedine d’aria; utilizzando NEODUR TA non si necessita di ulteriori intercapedini, in quanto… È COSTITUITO AL 98% DI ARIA! 100% Materiale a celle chiuse",https://gruppoporon.com/wp-content/uploads/2023/11/NeodurTA-1.png,https://gruppoporon.com/product/neodur-ta/
Neograp,Poron,"Neograp è un pannello sagomato scanalato per l’isolamento termico di travi e pilastri. In corrispondenza di questi ultimi si verificano le maggiori dispersioni termiche che possono raggiungere anche il 25% delle dispersioni totali di un edificio. La mancanza di un adeguato isolamento termico di travi e pilastri è causa della formazione di muffe, macchie e condense superficiali. La lastra è fornita con sagomatura scanalata sui due lati lunghi, e disponibile negli spessori da mm 40 a 150. Spessori differenti rispondono alle diverse esigenze di isolamento termico e di resistenza meccanica richiesta per i differenti interventi in edilizia civile ed industriale. Un ponte termico incide negativamente sull’isolamento di un edificio perché costituisce una fuga privilegiata per gli scambi di calore da e verso l’esterno. In corrispondenza di travi e pilastri si verificano le maggiori dispersioni termiche che possono raggiungere anche il 25% delle dispersioni totali di un edificio. I ponti termici possono essere corretti attraverso l’applicazione del pannello Neograp , che deve essere fissato al cassero di contenimento del getto di calcestruzzo, in modo da rimanere inglobato nel pilastro, fungendo da isolante termico e da supporto per la posa della malta di finitura esterna. Con un’azione combinata si getta e si isola il pilastro, il cassero di legno o metallico si disarma con facilità. Nel caso in cui travi e pilastri siano esistenti, ma non ancora coibentati, si può procedere per mezzo di incollaggio dei pannelli Neograp secondo i dettami delle applicazioni a cappotto.",https://gruppoporon.com/wp-content/uploads/2023/11/Neograp.png,https://gruppoporon.com/product/neograp/
Neodur WTRX,Poron,"NEODUR WTRX è la lastra stampata specifica per l’isolamento termico a cappotto. Le lastre stampate hanno per natura una superficie liscia, Neodur WTRX è stata concepita invece, con una particolare trama in rilievo che favorisce l’adesione dei collanti rasanti. Tale goffratura, presente su tutta la superficie esterna del pannello determina un impiego di 1/1,5 Kg di rasante in più al m2, creando così una corazza resistente agli urti e utile contro grandine e pallonate, un vero e proprio “SISTEMA CAPPOTTO RINFORZATO” ad alte prestazioni. Sul lato interno è disposta invece lungo la cornice e su tre punti centrali, in modo da indicare la corretta distribuzione del collante. Le sollecitazioni termiche cui è sottoposta la superficie esterna provocano tensioni interne alla lastra che vengono assorbite dai tagli, diminuendo notevolmente i problemi di cavillatura del materiale posto a finitura esterna o superficiale. 100% Materiale a celle chiuse",https://gruppoporon.com/wp-content/uploads/2023/11/NeodurWTRX.png,https://gruppoporon.com/product/neodur-wtrx/
Neodur WTRX A+,Poron,"NeodurWTRX A+ è la lastra per cappotto a marchio Poron, con goffratura e tagli rompitratta, realizzata con materia prima rinnovabile derivante da biomassa ( Neopor® BMBcert™ ) che sposa un approccio di “Biomass Balance” appunto. La goffratura, presente su tutta la superficie esterna del pannello determina un impiego di 1/1,5 Kg di rasante in più al m2, creando così una corazza resistente agli urti e utile contro grandine e pallonate, un vero e proprio “SISTEMA CAPPOTTO RINFORZATO” ad alte prestazioni. «LA LASTRA “MADE BY PORON” CONCEPITA CON APPROCCIO BIOMASS BALANCE DI BASF E CERTIFICATA 100% REMADE IN ITALY» NeodurWTRX A+ utilizza polistirene espanso ottenuto da materie prime rinnovabili derivanti da biomassa, quali sottoprodotti di rifiuti organici, con attribuzione al prodotto finito mediante bilancio di massa, ottenendo da Bureau Veritas Italia la certificazione ReMade in Italy in classe A+, come materia prima seconda prodotta da fonti rinnovabili, dopo verifica della tracciabilità del processo. NeodurWTRX A+ ha, dunque, tutti i requisiti per usufruire del Superbonus al 110% previsto dal Decreto Rilancio, in cui si chiede che i materiali isolanti utilizzati debbano rispettare i Criteri Ambientali Minimi “CAM” (DM 11 ottobre 2017).",https://gruppoporon.com/wp-content/uploads/2023/11/NeodurWTRX.png,https://gruppoporon.com/product/neodur-wtrx-a/
Dual Color,Poron,"DualColor è la lastra per cappotto a marchio Poron, con goffratura e tagli rompitratta, realizzata con Neopor® (EPS additivato con grafite) e rivestite con EPS bianco. La goffratura, presente su tutta la superficie esterna del pannello determina un impiego di 1/1,5 Kg di rasante in più al m 2 , creando così una corazza resistente agli urti e utile contro grandine e pallonate, un vero e proprio “SISTEMA CAPPOTTO RINFORZATO ” ad alte prestazioni.",https://gruppoporon.com/wp-content/uploads/2023/11/DualColor.png,https://gruppoporon.com/product/dual-color/
Dual Color A+,Poron,"Nella versione in classe A+, DualColor A+ la lastra è realizzata con Neopor® BMB , materia prima rinnovabile derivante da biomassa ( Neopor® BMBcert™ ) e rivestita con EPS bianco. La goffratura, presente su tutta la superficie esterna del pannello determina un impiego di 1/1,5 Kg di rasante in più al mq, creando così una corazza resistente agli urti e utile contro grandine e pallonate, un vero e proprio “SISTEMA CAPPOTTO RINFORZATO” ad alte prestazioni. «LASTRA CONCEPITA CON APPROCCIO BIOMASS BALANCE DI BASF E CERTIFICATA 100% REMADE IN ITALY» DualColor A+ utilizza polistirene espanso ottenuto da materie prime rinnovabili derivanti da biomassa, quali sottoprodotti di rifiuti organici, con attribuzione al prodotto finito mediante bilancio di massa, ottenendo da Bureau Veritas Italia la certificazione ReMade in Italy in classe A+, come materia prima seconda prodotta da fonti rinnovabili, dopo verifica della tracciabilità del processo.",https://gruppoporon.com/wp-content/uploads/2023/11/DualColor.png,https://gruppoporon.com/product/dual-color-a/
Murodur,Poron,"MURODUR è un pannello stampato ad alta resistenza a compressione ideato per la zoccolatura del sistema a cappotto. La superficie esterna di questo pannello presenta una particolare trama goffrata che favorisce l’adesione del rasante. Tale goffratura, presente su tutta la superficie esterna del pannello determina un impiego di 1/1,5 Kg di rasante in più al mq, creando così una corazza resistente agli urti e utile contro grandine e pallonate, un vero e proprio “SISTEMA CAPPOTTO RINFORZATO” ad alte prestazioni. MURODUR oltre ad avere un assorbimento d’acqua praticamente nullo viene prodotto con una resistenza a compressione di 150 kPa. Questa caratteristica rende il pannello particolarmente indicato per l’isolamento perimetrale del sistema cappotto. Solitamente per zoccolatura si intende la zona di una facciata soggetta a spruzzi d’acqua che comincia dalla quota superiore del terreno, della pavimentazione o della terrazza ed ha un’altezza minima di 600 mm. Inoltre dal momento che per un’altezza di ca.1800 mm le pareti sono esposte a urti accidentali, è buona norma applicare una fascia perimetrale composta da 2/3 pannelli di MURODUR per creare una porzione del sistema cappotto di altezza 1200/1800 mm con una resistenza meccanica ottimale. Grazie alle sue performanti caratteristiche MURODUR trova applicazione anche nell’isolamento dei muri contro-terra, naturalmente predisponendo le opportune protezioni. 100% Materiale a celle chiuse",https://gruppoporon.com/wp-content/uploads/2023/11/Neodur-MURO-1.png,https://gruppoporon.com/product/murodur/
Neodur BT100,Poron,"Neodur B T100 è la lastra per cappotto tagliata da blocco. Grazie alla grafite contenuta all’interno della materia prima, Neodur BT è la giusta combinazione tra elevata capacità isolante, traspirabilità ed elasticità. Sono lastre tagliata da blocco a bordo dritto che si prestano a svariate tipologie applicative. Le lastre sono realizzate partendo da un blocco in Neopor® che viene opportunamente tagliato con filo caldo. Questa lavorazione favorisce la creazione di superfici ruvide, ideali per l’adesione di tutti i componenti del sistema a cappotto. E’ inoltre possibile realizzare qualsiasi tipo di spessore. Il formato standard delle lastre termoisolanti Neodur B T100 è 1000×500 mm, con spessori a partire da 20 mm. Questa dimensione si adatta a tutte le esigenze applicative nel campo dell’isolamento termico. Grazie alla certificazione della trazione (a partire da 40 mm), le lastre tagliate da blocco Neodur B T100 vengono solitamente utilizzate per l’isolamento termico a cappotto; tuttavia si prestano anche per altre applicazioni, come ad esempio facciate ventilate, isolamento in intercapedine, isolamento in copertura.",https://gruppoporon.com/wp-content/uploads/2023/11/NeodurB.png,https://gruppoporon.com/product/neodur-bt100/
Neodur BT150,Poron,"Neodur BT150 sono lastre per cappotto tagliata da blocco. Grazie alla grafite contenuta all’interno della materia prima, Neodur BT150 è la giusta combinazione tra elevata capacità isolante, traspirabilità ed elasticità. Neodur BT150 è una lastra tagliata da blocco a bordo dritto che si prestano a svariate tipologie applicative. Le lastre sono realizzate partendo da un blocco in Neopor® che viene opportunamente tagliato con filo caldo. Questa lavorazione favorisce la creazione di superfici ruvide, ideali per l’adesione di tutti i componenti del sistema a cappotto. E’ inoltre possibile realizzare qualsiasi tipo di spessore. Il formato standard di Neodur BT150 è 1000×500 mm, con spessori a partire da 20 mm. Questa dimensione si adatta a tutte le esigenze applicative nel campo dell’isolamento termico. Grazie alla certificazione della trazione (a partire da 40 mm), Neodur BT150 viene utilizzata per l’isolamento termico a cappotto; tuttavia si presta anche per altre applicazioni, come ad esempio facciate ventilate, isolamento in intercapedine, isolamento in copertura.",https://gruppoporon.com/wp-content/uploads/2023/11/NeodurB.png,https://gruppoporon.com/product/neodur-bt150/
Poron BT120,Poron,"PORON B è un pannello termoisolante di colore bianco tagliato da blocco a bordo dritto, realizzato in polistirene espanso sinterizzato (EPS). Le lastre PORON BT120 sono leggere, resistenti agli urti, traspiranti e hanno ottime caratteristiche termoisolanti; inoltre risultano particolarmente facili da movimentare e da stoccare. Altrettanto facile ne risulta la lavorabilità in cantiere, per la quale non è necessario alcun tipo di abbigliamento protettivo. Le lastre sono tagliate da blocco con filo caldo che crea superfici ruvide ideali per l’adesione di tutti i componenti del sistema a cappotto. È possibile realizzare qualsiasi tipo di spessore. Il formato standard delle lastre termoisolanti PORON BT120 è 1000×500 mm, con spessori a partire da 20 mm. Grazie alla certificazione della trazione (a partire da 40 mm), le lastre tagliate da blocco PORON BT120 vengono solitamente utilizzate per l’isolamento termico a cappotto; tuttavia si prestano anche per altre applicazioni, come ad esempio facciate ventilate, isolamento in intercapedine.",https://gruppoporon.com/wp-content/uploads/2023/11/PoronB.png,https://gruppoporon.com/product/poron-bt120/
Poron BT150,Poron,"PORON B è un pannello termoisolante di colore bianco tagliato da blocco a bordo dritto, realizzato in polistirene espanso sinterizzato (EPS). Le lastre PORON BT150 sono leggere, resistenti agli urti, traspiranti e hanno ottime caratteristiche termoisolanti; inoltre risultano particolarmente facili da movimentare e da stoccare. Altrettanto facile ne risulta la lavorabilità in cantiere, per la quale non è necessario alcun tipo di abbigliamento protettivo. Le lastre sono tagliate da blocco con filo caldo che crea superfici ruvide ideali per l’adesione di tutti i componenti del sistema a cappotto. È possibile realizzare qualsiasi tipo di spessore. Il formato standard delle lastre termoisolanti PORON BT150 è 1000×500 mm, con spessori a partire da 20 mm. Grazie alla certificazione della trazione (a partire da 40 mm), le lastre tagliate da blocco PORON BT150 vengono solitamente utilizzate per l’isolamento termico a cappotto; tuttavia si prestano anche per altre applicazioni, come ad esempio facciate ventilate, isolamento in intercapedine.",https://gruppoporon.com/wp-content/uploads/2023/11/PoronB.png,https://gruppoporon.com/product/poron-bt150/
Wall Rock,Poron,"Wall Rock è il pannello isolante termo-acustico, idrofobo, non combustibile, realizzato in lana di roccia per isolamento termico a cappotto. Wall Rock è la soluzione per la realizzazione delle fasce di separazione per la compartimentazione richiesta nella RTV I3 che si dovranno realizzare in corrispondenza dei cassonetti dei rifiuti o laddove ci sia un locale commerciale adiacente ad abitazione civile, per interrompere eventuali propagazioni di fuoco con materiale non inferiore a A2-s1,d0 L’applicazione di pannelli in lana di roccia per l’isolamento termico a cappotto rappresenta una soluzione efficace e sostenibile per migliorare l’efficienza energetica degli edifici. La lana di roccia, grazie alla sua struttura fibrosa, offre eccellenti proprietà isolanti, sia dal punto di vista termico che acustico, oltre a resistere al fuoco. Questi pannelli vengono fissati esternamente alle pareti mediante appositi collanti e tasselli, creando una barriera che riduce la dispersione di calore in inverno e protegge dal surriscaldamento estivo. Ideali per nuove costruzioni e ristrutturazioni, i pannelli in lana di roccia sono traspiranti, non igroscopici e contribuiscono al comfort abitativo, riducendo i consumi energetici e, di conseguenza, le emissioni di CO2.",https://gruppoporon.com/wp-content/uploads/2025/02/WallRock.png,https://gruppoporon.com/product/wall-rock/
Spalla Zero,Poron,"SpallaZero è la spalletta prefabbricata costituita da un pannello isolante EPS, rivestita con resina cementizia e con un profilo angolare con rete per la connessione in facciata con la rasatura armata. La spalletta ha uno spessore totale di 25 mm e serve ad isolare l’imbotte della finestra eliminando il ponte termico. Applicare il collante sulla parete e sulla superficie posteriore del profilo in polistirene. Posare i profili sulla parete accostandoli in successione: il collante eccedente potrà essere rifilato con una normale spatola. Se necessario utilizzare anche una spugnetta umida per eliminare eventuali residui. Utilizzare un primer fissativo prima di verniciare con pitture. Quantitativo minimo ordinabile: 4 pz",https://gruppoporon.com/wp-content/uploads/2023/11/SpallaZero-1.png,https://gruppoporon.com/product/spalla-zero/
Soglia Zero,Poron,"SogliaZero è un copri soglia in EPS a 200 kPa per la protezione e l’isolamento delle soglie: combatte l’umidità di risalita e la formazione dei ponti termici. Procedere alla preparazione del supporto: il davanzale su cui applicare SogliaZero deve risultare ripulito da polveri ed eventuali strati di intonaci o vecchi rivestimenti che possono compromettere l’adesione; assicurarsi che il fondo sia livellato. Applicare il collante sul davanzale e sulla superficie posteriore di SogliaZero . Posare SogliaZero sul davanzale: il collante eccedente potrà essere rifilato con una normale spatola. Se necessario utilizzare anche una spugnetta umida per eliminare eventuali residui. Utilizzare un primer fissativo prima di verniciare con pitture da esterno. Utilizzato insieme a SpallaZero , completa e protegge tutto il profilo delle finestre. Viene fornito sagomato con resinatura, pronto per l’incollaggio e la successiva tinteggiatura. Quantitativo minimo ordinabile: 4 pz",https://gruppoporon.com/wp-content/uploads/2023/11/SogliaZero-1.png,https://gruppoporon.com/product/soglia-zero/
Disco Zero,Poron,"Disco Zero è un cilindro in Neopor® (EPS additivato con grafite) copri tassello per sistema cappotto. DiscoZero è un copri tassello in EPS con conducibilità termica 0,030 per la corretta eliminazione dei ponti termici derivati. Utilizzato insieme a Neotrap, SogliaZero e SpallaZero, completa e protegge tutto il profilo delle finestre. Quantitativo minimo ordinabile: 1 pacco = 150 pz",https://gruppoporon.com/wp-content/uploads/2023/11/DiscoZero-2.png,https://gruppoporon.com/product/disco-zero/
NeoTrap,Poron,"Neotrap è l’elemento decorativo in NeodurBK100 di resistenza a trazione che offre la migliore soluzione in termini di funzionalità ed estetica nel sistema cappotto in prossimità di porte e finestre. Grazie al Neotrap infatti non saremo più costretti a contenere lo spessore isolante del nostro sistema cappotto a causa delle ridotte sporgenze delle soglie. Oltre a risolvere il problema dello spessore, e quindi a garantire il raggiungimento delle prestazioni termiche desiderate, la sua funzione è anche decorativa, in quanto una volta applicato Neotrap consente tramite una doppia colorazione di ottenere un effetto cornice gradevole intorno a porte e finestre. N.B. Per le specifiche tecniche su spessori isolanti o caratteristiche, consultare la scheda tecnica del NeodurBK100 . Quantitativo minimo ordinabile: 70 m/lineari",https://gruppoporon.com/wp-content/uploads/2023/11/NeoTrap.png,https://gruppoporon.com/product/neotrap/
Neogess,Poron,"Neogess è un pannello in Neopor® accoppiato ad una lastra di cartongesso, appositamente progettato per gli interventi di recupero e ristrutturazione degli edifici dove è necessario diminuire le dispersioni di calore, intervenendo dall’interno della struttura. I pannelli sono realizzati accoppiando un pannello termoisolante traspirante ad una lastra in gesso rivestito. Grazie all’incollaggio industriale, con Neogess è possibile mettere in opera sia lo strato isolante sia il pannello di cartongesso con la stessa efficacia e lo stesso metodo dei comuni fogli di cartongesso: una volta fissata la lastra al substrato, meccanicamente (con appositi profili) o chimicamente con malte adesive (non a base acetonica) sarà sufficiente una stuccatura in corrispondenza delle varie fughe tra pannello e pannello per ottenere una superficie ben isolata, complanare e pronta per la rifinitura. Neogess nella versione di dimensioni mm 2000×1200 viene generalmente utilizzato per le realizzazioni di controsoffitti, dove la movimentazione e l’applicazione risultano essere più difficoltose. La versione mm 3000×1200 consente invece una agevole applicazione in parete limitando il numero delle giunzioni tra i pannelli.",https://gruppoporon.com/wp-content/uploads/2025/02/NGESS.png,https://gruppoporon.com/product/neogess/
Hydrogess,Poron,"Hydrogess è un pannello specifico per ambienti particolarmente umidi o dove ci sia un’ingente produzione di vapore acqueo, costituito di Neopor® e accoppiato ad una lastra di cartongesso, appositamente progettato per gli interventi di recupero e ristrutturazione degli edifici dove è necessario diminuire le dispersioni di calore, intervenendo dall’interno della struttura. I pannelli sono realizzati accoppiando un pannello termoisolante traspirante ad una lastra in gesso rivestito. Grazie all’incollaggio industriale, con Hydrogess è possibile mettere in opera sia lo strato isolante sia il pannello di cartongesso con la stessa efficacia e lo stesso metodo dei comuni fogli di cartongesso: una volta fissata la lastra al substrato, meccanicamente (con appositi profili) o chimicamente con malte adesive (non a base acetonica) sarà sufficiente una stuccatura in corrispondenza delle varie fughe tra pannello e pannello per ottenere una superficie ben isolata, complanare e pronta per la rifinitura. Hydrogess nella versione di dimensioni mm 2000×1200 viene generalmente utilizzato per le realizzazioni di controsoffitti, dove la movimentazione e l’applicazione risultano essere più difficoltose. La versione mm 3000×1200 consente invece una agevole applicazione in parete limitando il numero delle giunzioni tra i pannelli.",https://gruppoporon.com/wp-content/uploads/2023/11/Hydrogess.png,https://gruppoporon.com/product/hydrogess/
PoronGess,Poron,"Porongess è un pannello in EPS di colore verde accoppiato ad una lastra di cartongesso, appositamente progettato per gli interventi di recupero e ristrutturazione degli edifici dove è necessario diminuire le dispersioni di calore, intervenendo dall’interno della struttura. I pannelli sono realizzati accoppiando un pannello termoisolante traspirante ad una lastra in gesso rivestito. Grazie all’incollaggio industriale, con Porongess è possibile mettere in opera sia lo strato isolante sia il pannello di cartongesso con la stessa efficacia e lo stesso metodo dei comuni fogli di cartongesso: una volta fissata la lastra al substrato, meccanicamente (con appositi profili) o chimicamente con malte adesive (non a base acetonica) sarà sufficiente una stuccatura in corrispondenza delle varie fughe tra pannello e pannello per ottenere una superficie ben isolata, complanare e pronta per la rifinitura. Porongess nella versione di dimensioni mm 2000×1200 viene generalmente utilizzato per le realizzazioni di controsoffitti, dove la movimentazione e l’applicazione risultano essere più difficoltose. La versione mm 3000×1200 consente invece una agevole applicazione in parete limitando il numero delle giunzioni tra i pannelli.",https://gruppoporon.com/wp-content/uploads/2025/02/PGESS.png,https://gruppoporon.com/product/porongess/
NeodurCem,Poron,"Neodurcem è un sottofondo premiscelato alleggerito termoisolante con perle di polistirene espanso Neopor® con una specifica curva granulometrica, a ritiro compensato ed essiccazione controllata, ad elevato e costante livello qualitativo, prodotto con impianto automatizzato, per la realizzazione di sottofondi alleggeriti termoisolanti in interno ed esterno con o senza formazione di pendenze. Una scelta accurata e selezionata di materie prime condotte ad una perfetta curva granulometrica producono con sola aggiunta di acqua una malta eccezionalmente plastica e facilmente lavorabile. La peculiare composizione di Neodurcem , con utilizzo di perle di polistirene espanso Neopor® in curva e speciali additivi, consente di ottenere un prodotto in polvere perfettamente uniforme che non subisce separazione all’interno del sacco, con la conseguente mancanza di dispersione di polistirene in fase di impasto, consentendo quindi sia la facilità dell’impasto stesso, sia una sicura corrispondenza delle caratteristiche tecniche del prodotto determinate in laboratorio, rispetto a quelle del prodotto realizzato in cantiere. Tali caratteristiche consentono di ottenere un impasto omogeneo con ottima lavorabilità e pompabilità che, una volta essiccato, non subisce ritiri permettendo in tal modo di ottenere vantaggi in termini di resa ed una perfetta planarità dei sottofondi realizzati.",https://gruppoporon.com/wp-content/uploads/2024/02/NeodurCem.png,https://gruppoporon.com/product/neodurcem/
PoronFloor,Poron,"Poronfloor è un pannello termoisolante stampato in polistirene espanso sinterizzato EPS preformato per gli impianti di riscaldamento radiante a pavimento. Questo pannello prodotto con EPS ad alta densità presenta delle bugne in rilievo che consentono un rapido alloggiamento dei tubi di diametro 16, 17 o 18 mm a passi multipli di 50 mm. Il rivestimento del pannello è un film di polistirene ad alta densità di colore arancio, la particolare battentatura con sovrapposizione ed aggancio sui quattro lati garantisce una buona tenuta dei pannelli durante la posa dei tubi. Il preformato è dotato sulla parte superiore di bugne ad asse sfalsato rivestite con un film di polistirene rigido PS. Grazie alle sue eccellenti caratteristiche, Poronfloor garantisce ottime prestazioni di isolamento termico, in conformità al nuovo Decreto Requisiti Minimi n° 162 del 15/07/2015 che stabilisce il nuovo riferimento per l’efficienza energetica in edilizia. Poronfloor è stato progettato per abbattere i costi di posa in opera degli impianti di riscaldamento/raffreddamento a pavimento. La particolare battentatura con sovrapposizione e aggancio sui 4 lati garantisce una buona tenuta dei pannelli durante tutte le fasi della realizzazione dell’impianto: posizionamento dei pannelli, posa della tubazione e getto del massetto. Il film di polistirene rigido PS che riveste il pannello ne aumenta notevolmente la resistenza meccanica e lo preserva da eventuali rotture causate dal calpestio durante la realizzazione dell’impianto.",https://gruppoporon.com/wp-content/uploads/2023/11/PoronFloor.png,https://gruppoporon.com/product/poronfloor/
Poron Tep – Tep L,Poron,"Poron Tep è l’alternativa alla classica pignatta in laterizio, e davvero consente di realizzare un solaio alleggerito, nasce con l’appoggio dentello per i comuni travetti precompressi, nella versione “ Poron Tep L ” calza perfettamente sui travetti tralicciati. Le pignatte in EPS consentono di assemblare un solaio alleggerito e di posarlo in opera molto più velocemente di quello in laterizio. Successivamente gli elementi saranno integrati con ferro di armatura e rete elettrosaldata e getto di calcestruzzo atto a formare, come da specifiche, la soletta dello spessore minimo di 4/5 cm. E’ consigliabile per la finitura dell’intradosso l’utilizzo di profili metallici da fissare meccanicamente ad orditura contraria ai travetti in cls, creando una camera d’aria dove poter effettuare il passaggio degli impianti elettrici. Sugli stessi profili metallici fissare meccanicamente il prodotto Neogess eliminando gli eventuali ponti termici creati dai travetti. La finitura sarà eseguita ad intonaco a secco. In alternativa, previo utilizzo di un promotore di adesione e di una rete porta intonaco idonea, si può procedere con l’intonacatura dell’intradosso. Tutti i solai Poron sono pignatte in EPS autoestinguenti e tagliate a filo caldo nell’estradosso .",https://gruppoporon.com/wp-content/uploads/2024/02/PoronTep.png,https://gruppoporon.com/product/poron-tep-tep-l/
Poron Pred,Poron,"Pignatta tipo PREDALLE in EPS autoestinguente per alleggerimento dei solai. PoronPred consente di assemblare un solaio alleggerito e di posarlo in opera molto più velocemente di quello in laterizio. Le pignatte in EPS consentono di assemblare un solaio alleggerito e di posarlo in opera molto più velocemente di quello in laterizio. Successivamente gli elementi saranno integrati con ferro di armatura e rete elettrosaldata e getto di calcestruzzo atto a formare, come da specifiche, la soletta dello spessore minimo di 4/5 cm. E’ consigliabile per la finitura dell’intradosso l’utilizzo di profili metallici da fissare meccanicamente ad orditura contraria ai travetti in cls, creando una camera d’aria dove poter effettuare il passaggio degli impianti elettrici. Sugli stessi profili metallici fissare meccanicamente il prodotto Neogess eliminando gli eventuali ponti termici creati dai travetti. La finitura sarà eseguita ad intonaco a secco. In alternativa, previo utilizzo di un promotore di adesione e di una rete porta intonaco idonea, si può procedere con l’intonacatura dell’intradosso.",https://gruppoporon.com/wp-content/uploads/2024/02/PoronPred.png,https://gruppoporon.com/product/poron-pred/
PoronVolt,Poron,"Poron Volt viene utilizzato per solai gettati in opera con casseratura in continuo dal basso, a differenza del Pred, il Volt è dotato di alette che, toccandosi, interrompono il ponte termico. Le pignatte in EPS consentono di assemblare un solaio alleggerito e di posarlo in opera molto più velocemente di quello in laterizio. Le pignatte in EPS consentono di assemblare un solaio alleggerito e di posarlo in opera molto più velocemente di quello in laterizio. Successivamente gli elementi saranno integrati con ferro di armatura e rete elettrosaldata e getto di calcestruzzo atto a formare, come da specifiche, la soletta dello spessore minimo di 4/5 cm. E’ consigliabile per la finitura dell’intradosso l’utilizzo di profili metallici da fissare meccanicamente ad orditura contraria ai travetti in cls, creando una camera d’aria dove poter effettuare il passaggio degli impianti elettrici. Sugli stessi profili metallici fissare meccanicamente il prodotto Neogess eliminando gli eventuali ponti termici creati dai travetti. La finitura sarà eseguita ad intonaco a secco. In alternativa, previo utilizzo di un promotore di adesione e di una rete porta intonaco idonea, si può procedere con l’intonacatura dell’intradosso.",https://gruppoporon.com/wp-content/uploads/2024/02/PoronVolt.png,https://gruppoporon.com/product/poronvolt/
FondoZero,Poron,Fondello isolante in EPS per i sistemi di alleggerimento dei solai Prodotto a marcatura CE Norma di riferimento UNI EN 13163:2017 Prodotto rispondente ai CAM (Criteri Ambientali Minimi) che soddisfano i requisiti del D.M. 23/06/22.,https://gruppoporon.com/wp-content/uploads/2025/02/FondoZero.png,https://gruppoporon.com/product/fondozero/
CuboText,Poron,"CuboText è un preformato in polistirene espanso (EPS) idoneo a realizzare provini cubici in calcestruzzo di lato 15 cm per i test di laboratorio che ne attestano la resistenza a compressione. Per il confezionamento dei provini non sono necessari particolari accorgimenti. Dopo il loro riempimento si procede all’assestamento del calcestruzzo mediante vibratori a immersione, effettuando successivamente gli eventuali rabbocchi laddove si verificassero diminuzioni di volume dovute all’operazione di vibrazione. CuboText è composto da due parti, fondo e coperchio, predisposte per essere sigillate tra loro, quando richiesto, in modo da salvaguardare il provino da eventuali manomissioni. La peculiarità di materiale antiurto dell’ EPS fa sì che la cubiera CuboText , oltre alla funzione di cassaforma assolva quella di vero e proprio imballaggio del provino in calcestruzzo, che resta protetto durante la spedizione ai laboratori di prova.",https://gruppoporon.com/wp-content/uploads/2023/11/Cubotext-1.png,https://gruppoporon.com/product/cubotext/
Isoporon V,Poron,"ISOPORON V è un inerte super leggero composto da perle vergini di polistirene espanso a densità 10 k/m³, perfettamente sferiche in curva granulometrica diam. mm 3-6, trattate con speciale additivo aerante che ne consente una omogenea distribuzione nell’impasto, evita il galleggiamento delle perle in fase di getto che sarà sempre costante e fluido, consente di non utilizzare sabbia. I tre componenti devono essere introdotti nell’impastatrice e mescolati per cica 5-7 minuti in seguenza: 1 acqua – 2 ISOPORON V – 3 Cemento • livellamento solai • sottomassetti autolivellanti • livellamento impiantistica • massetti di pendenza per coperture • sottopavimento industriali",https://gruppoporon.com/wp-content/uploads/2023/11/IsoporonV.png,https://gruppoporon.com/product/isoporon-v/
