nome,marca,descrizione,immagine,link
UNIMARC SMALTO MURALE LUCIDO,San Marco,"Smalto murale superlavabile e smacchiabile a base acqua, ad effetto lucido; asciuga in fretta ed è facile da stendere, speciale per superfici soggette a frequenti pulizie.",https://egress.storeden.net/jpg/67f38d1be39ee19547383739,/product/31802939/unimarc-smalto-murale-lucido
UNIMARC DUO LEGNO,San Marco,"Impregnante cerato a base acqua, inodore e a rapida essiccazione, per interni ed esterni; protegge il tuo legno dagli agenti atmosferici e dai raggi uv, in profondità e in superficie.",https://egress.storeden.net/jpg/67f38bdbe39ee1eb2f38377e,/product/21763757/unimarc-duo-legno
SILVER CONFORT,San Marco,"Pittura lavabile, igienizzante e antimuffa, a base di ioni d'argento che creano una barriera che previene la proliferazione del 99,9% dei batteri; esente da cov e formaldeide.",https://egress.storeden.net/jpg/6808c52ee39ee1d9cbece47c,/product/21758270/silver-confort
ANTICA CALCE,San Marco,"Pittura alla calce antistatica, tiene lontano polvere e sporco, non cola ed è facile da applicare; a zero emissioni di cov, riproduce l'effetto opaco tipico della calce naturale.",https://egress.storeden.net/jpg/67ff782cbe7ea061b487b51e,/product/20248538/antica-calce
UNIMARC IMPREGNANTE LEGNO,San Marco,"Impregnante per legno a base acqua, inodore e ad alta protezione, per interni ed esterni.",https://egress.storeden.net/jpg/67f38db1be7ea07fc908009e,/product/20248452/unimarc-impregnante-legno
UNIMARC FINITURA CERATA,San Marco,"Finitura cerata per legno a base acqua; protegge il legno in superficie e lo rende impermeabile, conferendogli un gradevole effetto satinato al tatto.",https://egress.storeden.net/jpg/67f38d87be7ea05b0307ff5a,/product/20248453/unimarc-finitura-cerata
UNIMARC SMALTO MURALE SEMILUCIDO,San Marco,"Smalto murale superlavabile e smacchiabile a base acqua, ad effetto semilucido; asciuga in fretta ed è facile da stendere, speciale per superfici soggette a frequenti pulizie.",https://egress.storeden.net/jpg/67f38c86e39ee1053a383792,/product/20248672/unimarc-smalto-murale-semilucido
UNIMARC SMALTO MURALE OPACO,San Marco,"Smalto murale superlavabile e smacchiabile a base acqua, ad effetto opaco; asciuga in fretta ed è facile da stendere, speciale per superfici soggette a frequenti pulizie.",https://egress.storeden.net/jpg/67f38ccebe7ea08ded08021f,/product/20248675/unimarc-smalto-murale-opaco
SUPERCONFORT,San Marco,"Pittura traspirante, termica, anticondensa e antimuffa, a base acqua per interni; le sue microsfere di vetro cave mantengono le pareti trattate più asciutte e prive di condensa superficiale.",https://egress.storeden.net/jpg/682af8e1e39ee17bbf944d0e,/product/20777674/superconfort
MAESTRO PLUS,San Marco,"Pittura traspirante a base acqua per interni, ad elevata resa ed alta copertura; asciuga rapidamente, è facile da stendere e non schizza: ideale per applicazioni a rullo.",https://egress.storeden.net/jpg/6808c133be7ea0392150d4e8,/product/20248702/maestro-plus
COMBAT 999 EW,San Marco,"Pittura traspirante antimuffa a base acqua per interni, ad alto punto di bianco, dall'aspetto opaco e uniforme; semplice da usare, è antigoccia e ha elevata capacità coprente.",https://egress.storeden.net/jpg/681fe894e39ee17eba6c4d99,/product/21101188/combat-999-ew
MARCONELLA,San Marco,"Idropittura super traspirante per interni, disponibile in colore bianco e facile da applicare; ha buona copertura, è ideale per ambienti soggetti a umidità e condensa",https://egress.storeden.net/jpg/68020352e39ee1de23e006ac,/product/23456261/marconella
UNIMARC SMALTO MURALE LUCIDO,San Marco,"Smalto murale superlavabile e smacchiabile a base acqua, ad effetto lucido; asciuga in fretta ed è facile da stendere, speciale per superfici soggette a frequenti pulizie.",https://egress.storeden.net/jpg/67f38d1be39ee19547383739,/product/31802939/unimarc-smalto-murale-lucido
COLOREVIVO BIANCO,San Marco,"Pittura superlavabile bianca per interni, ad elevata resa e asciugatura rapida; copre perfettamente pareti macchiate o ingiallite ed illumina gli ambienti grazie al suo alto punto di bianco.",https://egress.storeden.net/jpg/67ff7919e39ee1bbd5a1258c,/product/23646642/colorevivo-bianco
COLOREVIVO,San Marco,"Pittura superlavabile a base acqua per interni, ad elevata resa e asciugatura rapida; copre perfettamente pareti già colorate anche con tinte di colore intenso.",https://egress.storeden.net/jpg/6808a804e39ee131c4ece47c,/product/20248679/colorevivo
UNIMARC SMALTO MURALE OPACO,San Marco,"Smalto murale superlavabile e smacchiabile a base acqua, ad effetto opaco; asciuga in fretta ed è facile da stendere, speciale per superfici soggette a frequenti pulizie.",https://egress.storeden.net/jpg/67f38ccebe7ea08ded08021f,/product/20248675/unimarc-smalto-murale-opaco
COMBAT 333,San Marco,"Igienizzante antimuffa incolore per il risanamento di pareti infestate da muffe, funghi o alghe e per la protezione di superfici soggette alla loro proliferazione; si applica a pennello.",https://egress.storeden.net/jpg/6808aed3e39ee1c5c5ece5be,/product/20248564/combat-333
COMBAT 222,San Marco,"Spray antimuffa professionale per la pulizia di pareti infestate da muffe, funghi o alghe; trattamento risanante prima di tinteggiare in interno ed esterno.",https://egress.storeden.net/jpg/67ed0f9abe7ea08318c1c57b,/product/20248563/combat-222
ANTARTICA,San Marco,"Pittura lavabile a base acqua per interni, inodore e permeabile al vapore acqueo; facile da applicare e ad alto potere antischizzo, asciuga rapidamente: asciutta al tatto in 30 minuti.",https://egress.storeden.net/jpg/6808a26be39ee17fc2ece47f,/product/20248638/antartica
COMBAT 6000,San Marco,"Pittura lavabile antimuffa per interni, contrasta la formazione delle muffe ed è ideale per il trattamento di locali già contaminati; molto coprente e ad effetto opaco, asciuga in fretta.",https://egress.storeden.net/jpg/6808b74ee39ee1a0c7ece4fd,/product/20248670/combat-6000
UNIMARC SMALTO MURALE SEMILUCIDO,San Marco,"Smalto murale superlavabile e smacchiabile a base acqua, ad effetto semilucido; asciuga in fretta ed è facile da stendere, speciale per superfici soggette a frequenti pulizie.",https://egress.storeden.net/jpg/67f38c86e39ee1053a383792,/product/20248672/unimarc-smalto-murale-semilucido
LAGUNA 3.0,San Marco,"Pittura lavabile inodore, a base acqua, per interni; resiste al lavaggio, è facile da usare e permette di ottenere finiture luminose conservando un effetto opaco.",https://egress.storeden.net/jpg/6808c05de39ee11dcaece551,/product/20248671/laguna-3-0
WALL CREAM,San Marco,Idropittura traspirante per interni ad alta copertura,https://egress.storeden.net/jpg/6802031ebe7ea0b52c50616e,/product/20248550/wall-cream
GLITTERY,San Marco,"Glitter argentati in gel trasparente, da miscelare alla pittura bianca, colorata o decorativa per realizzare una perfetta pittura con brillantini",https://egress.storeden.net/jpg/67e11f9bbe7ea0a5210ecf17,/product/26328851/glittery
PAENINSULA ULTRAMATT,San Marco,"Pittura decorativa per interni ad effetto ultraopaco che permette di ottenere finiture uniformi ed eleganti; ad elevato potere coprente, è facilmente applicabile a pennello o rullo.",https://egress.storeden.net/jpg/67ed04cae39ee1b777a30f5f,/product/21101896/paeninsula-ultramatt
PAENINSULA EGGSHELL,San Marco,"Pittura decorativa per interni ad effetto eggshell che permette di ottenere finiture opache ad effetto guscio d'uovo; ad elevato potere coprente, è facilmente applicabile a pennello o rullo.",https://egress.storeden.net/jpg/67ed0520e39ee1fb77a30f58,/product/21101891/paeninsula-eggshell
SAGREDO,San Marco,"Pittura decorativa per interni ad effetto superopaco bitonale che crea profonde e raffinate sfaccettature; sempre di tendenza, si adatta a diversi stili di arredamento; si applica a spatola.",https://egress.storeden.net/jpg/681e9771e39ee1df43f4584f,/product/20771752/sagredo
FONTEGO,San Marco,Pittura decorativa per interni ad effetto opaco e vellutato; permette di ricreare ambientazioni eleganti e contemporanee; si applica con frattazzo.,https://egress.storeden.net/jpg/6811f564e39ee1ccdf1e83f3,/product/20248708/fontego
CADORO,San Marco,"Pittura decorativa per interni ad effetto iridescente; consente di ottenere pareti luminose e cangianti, variabili a seconda della luce; si stende con pennello o frattazzo.",https://egress.storeden.net/jpg/681e972de39ee1e043f457e6,/product/20248546/cadoro
CADORO VELVET,San Marco,Pittura decorativa per interni ad effetto velluto con microbrillantini iridescenti; permette di ottenere effetti estetici nuvolati e morbide ombreggiature; stendere con pennello o frattazzo.,https://egress.storeden.net/jpg/681e9734be7ea08314a20e40,/product/20248580/cadoro-velvet
MARCOPOLO,San Marco,"Pittura decorativa per interni ad effetto sabbiato metallizzato; a base d'acqua e pronta all’uso, si stende facilmente con pennello.",https://egress.storeden.net/jpg/681e973be39ee1e643f457ef,/product/20248585/marcopolo
MARCOPOLO SABLÈ,San Marco,"Pittura decorativa per interni ad effetto sabbiato opaco; perfetta per creare pareti dall’aspetto unico con una gradevole ruvidità al tatto; pronta all'uso, si stende facilmente a pennello.",https://egress.storeden.net/jpg/681e974ee39ee1b942f4583a,/product/20248626/marcopolo-sable
MARCOPOLO LUXURY,San Marco,Pittura decorativa per interni ad effetto metallizzato fine; consente di ottenere forti contrasti di brillantezza e raffinati riflessi; pronta all'uso si stende facilmente a pennello.,https://egress.storeden.net/jpg/681e975ae39ee1df43f45828,/product/20248642/marcopolo-luxury
DECORFOND,San Marco,Fondo uniformante ideale per pitture decorative; si applica prima della pittura decorativa per ottenere fondo omogeneo su tutta la parete; si stende agevolmente a rullo.,https://egress.storeden.net/jpg/6811f851e39ee16ce01e84f2,/product/22325601/decorfond
SILVER CONFORT,San Marco,"Pittura lavabile, igienizzante e antimuffa, a base di ioni d'argento che creano una barriera che previene la proliferazione del 99,9% dei batteri; esente da cov e formaldeide.",https://egress.storeden.net/jpg/6808c52ee39ee1d9cbece47c,/product/21758270/silver-confort
SILDOMUS SANA,San Marco,"Pittura traspirante ai silicati, preserva dalle muffe e dall'umidità; è esente da cov e formaldeide, due dei peggiori inquinanti indoor, ideale per ambienti frequentati da persone sensibili.",https://egress.storeden.net/jpg/678e2443e39ee15a19a68dd1,/product/20248697/sildomus-sana
ARUM,San Marco,"Pittura traspirante, ipoallergenica e inodore, a base acqua; è esente da cov e formaldeide, due dei peggiori inquinanti indoor, ideale per ambienti frequentati da persone sensibili.",https://egress.storeden.net/jpg/6824900ae39ee162e2c71d95,/product/20248644/arum
ANTICA CALCE,San Marco,"Pittura alla calce antistatica, tiene lontano polvere e sporco, non cola ed è facile da applicare; a zero emissioni di cov, riproduce l'effetto opaco tipico della calce naturale.",https://egress.storeden.net/jpg/67ff782cbe7ea061b487b51e,/product/20248538/antica-calce
UNIMARC VERNICE PER PARQUET,San Marco,"Vernice per parquet e pavimenti in legno, a base acqua e per interni; di qualità professionale, con finitura semilucida e opaca.",https://egress.storeden.net/jpg/678e1f8ce39ee13817a68d2d,/product/23456254/unimarc-vernice-per-parquet
UNIMARC DUO LEGNO,San Marco,"Impregnante cerato a base acqua, inodore e a rapida essiccazione, per interni ed esterni; protegge il tuo legno dagli agenti atmosferici e dai raggi uv, in profondità e in superficie.",https://egress.storeden.net/jpg/67f38bdbe39ee1eb2f38377e,/product/21763757/unimarc-duo-legno
UNIMARC IMPREGNANTE LEGNO,San Marco,"Impregnante per legno a base acqua, inodore e ad alta protezione, per interni ed esterni.",https://egress.storeden.net/jpg/67f38db1be7ea07fc908009e,/product/20248452/unimarc-impregnante-legno
UNIMARC FINITURA CERATA,San Marco,"Finitura cerata per legno a base acqua; protegge il legno in superficie e lo rende impermeabile, conferendogli un gradevole effetto satinato al tatto.",https://egress.storeden.net/jpg/67f38d87be7ea05b0307ff5a,/product/20248453/unimarc-finitura-cerata
MARCONOL IMPREGNANTE,San Marco,"Impregnante a solvente per l'impregnazione superficiale del legno; lo protegge dagli agenti atmosferici, dai raggi uv e dagli inquinanti, garantendone un aspetto inalterato nel tempo.",https://egress.storeden.net/jpg/67b3488ae39ee12110882c0c,/product/20248472/marconol-impregnante
MARCONOL CERATO,San Marco,"Impregnante cerato a solvente per l'impregnazione profonda del legno; protegge il legno da agenti atmosferici e raggi uv; traspirante al vapore acqueo, lascia visibili le venature.",https://egress.storeden.net/jpg/67ef96f7e39ee1a5a1e3d69e,/product/20248473/marconol-cerato
MARCONOL GEL,San Marco,"Impregnante gel per legno, trasparente ad effetto cerato, si assorbe facilmente senza alterare l'aspetto naturale del legno; crea una barriera protettiva e protegge da funghi e muffe.",https://egress.storeden.net/jpg/67b348b3e39ee1dd0e882c73,/product/20248647/marconol-gel
MARCONOL ORIENTALITE,San Marco,"Pittura di fondo per legno a solvente, coprente e rapida essiccazione; facile da applicare, non gocciola ed è perfetto come fondo da applicare prima dello smalto.",https://egress.storeden.net/jpg/678e1ff5e39ee11218a68c62,/product/20248478/marconol-orientalite
UNIMARC FONDO UNIVERSALE,San Marco,"Pittura di fondo per legno a base acqua, copre il fondo e lo rende uniforme; può essere applicato anche su alluminio, lamiera e plastica, in interni ed esterni.",https://egress.storeden.net/jpg/678e1f7be39ee1f117a68cf1,/product/20248451/unimarc-fondo-universale
GLOBAL ULTRA GL 85 LUCIDO,San Marco,"Smalto per ferro e legno ad effetto lucido; crea una barriera protettiva, anticorrosiva e antiruggine, che protegge in atmosfere anche aggressive; facile da stendere, non ingiallisce.",https://egress.storeden.net/jpg/67b34b30e39ee13018882c1f,/product/20777678/global-ultra-gl-85-lucido
GLOBAL ULTRA GL 25 SATINATO,San Marco,"Smalto per ferro e legno ad effetto satinato; crea una barriera protettiva, anticorrosiva e antiruggine, che protegge in atmosfere anche aggressive; facile da stendere, non ingiallisce.",https://egress.storeden.net/jpg/67b34dbee39ee1f51f882c25,/product/20777679/global-ultra-gl-25-satinato
GLOBAL ULTRA GL 10 OPACO,San Marco,"Smalto per ferro e legno ad effetto opaco; crea una barriera protettiva, anticorrosiva e antiruggine, che protegge in atmosfere anche aggressive; facile da stendere, non ingiallisce.",https://egress.storeden.net/jpg/67b34d36e39ee13018882cf9,/product/20777680/global-ultra-gl-10-opaco
UNIMARC SMALTO PER RADIATORI,San Marco,"Smalto per termosifoni bianco, ad effetto satinato e a base d'acqua; facile da applicare, assicura ottima copertura su spigoli e bordi.",https://egress.storeden.net/jpg/678e1f6fbe7ea06801e245d6,/product/23456253/unimarc-smalto-per-radiatori
SATURNO,San Marco,"Fondo antiruggine per ferro, a base di fosfato di zinco, da applicare prima dello smalto; isola il metallo e lo protegge nel tempo dalla corrosione e dalla ruggine.",https://egress.storeden.net/jpg/678e1fc5be7ea00ceee24678,/product/20248467/saturno
KIRON,San Marco,"Smalto ferromicaceo anticorrosivo per ferro, ad effetto antichizzato; ad azione anticorrosiva, crea una protezione duratura contro la ruggine, gli agenti atmosferici e la luce.",https://egress.storeden.net/jpg/678e1f96e39ee11218a68c38,/product/20248459/kiron
UNIMARC SMALTO LUCIDO,San Marco,"Smalto per legno, metallo e ceramica a base acqua a effetto lucido; non ingiallisce e permette di ottenere superfici traspiranti e idrorepellenti..",https://egress.storeden.net/jpg/678e1f62e39ee11218a68c30,/product/20248448/unimarc-smalto-lucido
UNIMARC SMALTO MICACEO,San Marco,"Smalto micaceo per ferro e superfici metalliche a base acqua; ad effetto antichizzato, crea una barriera duratura nel tempo contro gli agenti armosferici e i raggi uv.",https://egress.storeden.net/jpg/67c970a8e39ee18b6d87ca2d,/product/20248450/unimarc-smalto-micaceo
UNIMARC FONDO UNIVERSALE,San Marco,"Pittura di fondo per legno a base acqua, copre il fondo e lo rende uniforme; può essere applicato anche su alluminio, lamiera e plastica, in interni ed esterni.",https://egress.storeden.net/jpg/678e1f7be39ee1f117a68cf1,/product/20248451/unimarc-fondo-universale
UNIMARC SMALTO SETA,San Marco,"Smalto per legno, metallo e ceramica a base acqua a effetto satinato; non ingiallisce e permette di ottenere superfici traspiranti e idrorepellenti.",https://egress.storeden.net/jpg/6827d18fe39ee14a4c5c60de,/product/20248447/unimarc-smalto-seta
PAINTOP ANTIALGA,San Marco,"Pittura al quarzo, per esterni, ad elevato potere riempitivo e mascherante che la rende adatta per supporti imperfetti; antimuffa e antialga, preserva dalla formazione di muffe e alghe.",https://egress.storeden.net/jpg/6808c3b6e39ee198caece4c9,/product/20248656/paintop-antialga
DECORFOND,San Marco,Fondo uniformante ideale per pitture decorative; si applica prima della pittura decorativa per ottenere fondo omogeneo su tutta la parete; si stende agevolmente a rullo.,https://egress.storeden.net/jpg/6811f851e39ee16ce01e84f2,/product/22325601/decorfond
COMBAT FIX,San Marco,Fissativo antimuffa da applicare prima della pittura antimuffa per potenziarne e prolungarne l'effetto.,https://egress.storeden.net/jpg/6808b872e39ee14dc8ece4bd,/product/20248703/combat-fix
STUCCOFACILE,San Marco,"Stucco in pasta per muro pronto all'uso, a base di microsfere in vetro, per applicazioni in interno ed esterno; ideale per riempire buchi o piccole irregolarità su supporti murali e legno.",https://egress.storeden.net/jpg/678e21d7e39ee13b19a68c8c,/product/20248555/stuccofacile
ATOMO,San Marco,"Fissativo per pareti inodore, per interni ed esterni, da applicare prima della pittura; a formulazione innovativa, penetra in profondità anche su superfici molto sfarinanti.",https://egress.storeden.net/jpg/6808a2e7e39ee1adc2ece4e1,/product/20248492/atomo
SVERNICIATORE SM10,San Marco,"Sverniciatore per legno, ferro e muro, pronto all’uso; particolarmente potente, agisce anche su superfici vecchie e garantisce il risultato.",https://egress.storeden.net/jpg/678e229fe39ee1cb19a68c17,/product/23456264/sverniciatore-sm10
RUGISTOP,San Marco,"Convertitore di ruggine per ferro, pronto all’uso; elimina la ruggine anche da punti difficili da raggiungere e non richiede carteggio o spazzolatura.",https://egress.storeden.net/jpg/678e220fe39ee10d19a68db3,/product/23456262/rugistop
GLOBAL SPRAY COPRIMACCHIA,San Marco,"Spray coprimacchia per muro, copre ed elimina le macchie sulle pareti; da utilizzare prima della pittura.",https://egress.storeden.net/jpg/679748f8e39ee188376466ff,/product/23212273/global-spray-coprimacchia
ACQUARAGIA,San Marco,"Acquaragia per diluire smalti, antiruggini, vernici e pitture a solvente e a olio.",https://egress.storeden.net/jpg/678e2260e39ee16218a68cf1,/product/20248588/acquaragia
Rullo a pelo corto,San Marco,"Rullo a pelo corto di 5 mm con manico in acciaio e impugnatura anatomica in plastica, 230 mm",https://egress.storeden.net/jpg/67d1b0a2be7ea01a214c51c4,/product/32546432/rullo-a-pelo-corto
Frattazzo acciaio inox,San Marco,"Frattazzo con lama in acciaio inox per pitture decorative ad effetto spatolato, 200 x 70-75 mm",https://egress.storeden.net/jpg/678e263ce39ee15a19a68e5c,/product/32546431/frattazzo-acciaio-inox
Rullo a pelo lungo,San Marco,"Rullo a pelo lungo di 30 mm con manico in acciaio e impugnatura anatomica in plastica, 230 mm",https://egress.storeden.net/jpg/678e2639e39ee1191ba68c30,/product/32546430/rullo-a-pelo-lungo
Rullino a pelo corto,San Marco,"Mini rullo a pelo corto di 5 mm con manico in acciaio e impugnatura anatomica in plastica, 100 mm",https://egress.storeden.net/jpg/678e2640e39ee1151aa68cf3,/product/32546433/rullino-a-pelo-corto
Spatola acciaio inox,San Marco,"Spatola in acciaio per stucco e prodotti decorativi, 105 x 75 mm",https://egress.storeden.net/jpg/678e2642e39ee1851aa68cab,/product/32546434/spatola-acciaio-inox
Kit Attrezzi per Pittura,San Marco,"Set di strumenti essenziali per pitturare in modo pulito e preciso. include rullo a pelo corto con manico in acciaio, pennello, vaschetta, telo protettivo e nastri per mascheratura. ideale per ristrutturazioni e lavori di imbiancatura fai-da-te e professionali.",https://egress.storeden.net/jpg/67e68896e39ee1fe0f619b23,/product/34490848/kit-attrezzi-per-pittura
Pennello per smalti e impregnanti a solvente,San Marco,"Plafoncino professionale: pennello per smalti e impregnanti a solvente, 30 x 70 mm",https://egress.storeden.net/jpg/67b34f65e39ee1dd23882c20,/product/32546436/pennello-per-smalti-e-impregnanti-a-solvente
Pennello per smalti e impregnanti ad acqua e solvente,San Marco,"Plafoncino professionale: pennello per smalti e impregnanti ad acqua e solvente, 30 x 70 mm",https://egress.storeden.net/jpg/67b34e79be7ea01692a61559,/product/32546435/pennello-per-smalti-e-impregnanti-ad-acqua-e-solvente
Pennello spalter,San Marco,"Pennello spalter professionale per pittura sabbiata, 100 x 90 mm",https://egress.storeden.net/jpg/678e2637e39ee16c1aa68d7a,/product/32546429/pennello-spalter
COLOR CHIP,San Marco,Campioni colori su supporto cartaceo per pareti,https://egress.storeden.net/jpg/678e2664be7ea05f23e245b1,/product/29022540/color-chip
Cartella INTERNI A COLORI e mazzetta COLOR TRENDS,San Marco,Spedizione gratuita,https://egress.storeden.net/jpg/6762e993202628aa682ace7a,/product/26975330/cartella-interni-a-colori-e-mazzetta-color-trends
Mazzetta Paeninsula,San Marco,Spedizione gratuita - due mazzette paeninsula,https://egress.storeden.net/jpg/66549b7a202628b149865328,/product/22318010/mazzetta-paeninsula
Cartella Colori Paeninsula,San Marco,Spedizione gratuita,https://egress.storeden.net/jpg/6064cfda00f220e719a85b5e,/product/22318020/cartella-colori-paeninsula
Cartella Colori Cadoro,San Marco,Spedizione gratuita,https://egress.storeden.net/jpg/6064d1a85fb8e04256c6953b,/product/22318025/cartella-colori-cadoro
Cartella Colori Cadoro Velvet,San Marco,Spedizione gratuita,https://egress.storeden.net/jpg/6064d2c75fb8e0a75dc69540,/product/22318028/cartella-colori-cadoro-velvet
Cartella Colori Fontego,San Marco,Spedizione gratuita,https://egress.storeden.net/jpg/6064d4e000f2205e39a85b6c,/product/22318044/cartella-colori-fontego
Cartella Colori Sagredo,San Marco,Spedizione gratuita,https://egress.storeden.net/jpg/6064d4b05fb8e07a68c6953c,/product/22318039/cartella-colori-sagredo
Cartella Colori Marcopolo,San Marco,Spedizione gratuita,https://egress.storeden.net/jpg/6064d548be7ea0cdd9ac5c86,/product/22318047/cartella-colori-marcopolo
Cartella Colori Marcopolo Luxury,San Marco,Spedizione gratuita,https://egress.storeden.net/jpg/6064d5cd00f220d841a85b5d,/product/22318049/cartella-colori-marcopolo-luxury
