name,brand,description,image_url,product_page_url
AMPHIBIA 3000 GRIP,Volteco,"Membrana impermeabile multistrato idro-reattiva autoagganciante, autoriparante e autosigillante per applicazione pre-getto.

Vantaggi:
1. Impermeabilità assoluta con nessuna migrazione laterale dell'acqua
2. Protezione meccanica immediata, autoriparante anche su fori accidentali
3. Elevata resistenza al carico idraulico
4. Elevata flessibilità e capacità di fare ponte sulle fessure",https://volteco.com/wp-content/uploads/2025/02/complessiva_3000_grip.png,https://volteco.com/it/prodotti/amphibia-3000-grip
AQUASCUD REFLEX,Volteco,"Rivestimento elastico e impermeabilizzante, privo di solventi, pronto all'uso, dotato di elevato valore di riflettanza solare

Vantaggi:
1. Abbassa sensibilmente la temperatura della superficie rivestita, riduce notevolmente il calore che penetra nell’ambiente migliorandone il comfort abitativo
2. Riduce il consumo energetico necessario per il raffrescamento dell’ambiente
3. Soddisfa pienamente il D.M. 24 dic. 2015 che stabilisce l'SRI >75 su coperture con pendenze <15%
4. Ottima resistenza ai raggi U.V.",https://volteco.com/wp-content/uploads/2024/05/AQ_REFLEX_2024.png,https://volteco.com/it/prodotti/aquascud-reflex
AQUASCUD SYSTEM 420,Volteco,"Impermeabilizzante bicomponente elastico, dotato di core curing technology per un'efficace maturazione anche in condizioni di basse temperature e supporti parzialmente umidi, ideale per impermeabilizzare terrazzi, balconi e coperture piane.

Vantaggi:
1. Maturazione rapida anche in condizioni di bassa temperatura (tutto in 24 ore)
2. Consente di impermeabilizzare senza demolire
3. Resistente ai raggi U.V.
4. Basso impatto ambientale, grazie a ridotte emissioni di CO₂, bassissime emissioni di Componenti Organici Volatili (VOC), componenti ottenuti da processi di riciclo",https://volteco.com/wp-content/uploads/2024/11/AQUASCUD_420_vaso_sac_2024.png,https://volteco.com/it/prodotti/aquascud-system-420
AQUASCUD SYSTEM 430,Volteco,"Impermeabilizzante bicomponente elastico, ideale per impermeabilizzare terrazzi, balconi e coperture piane.

Vantaggi:
1. Mantiene la propria deformabilità fino -20°C
2. Consente di impermeabilizzare senza demolire.
3. Resistente ai raggi U.V.
4. Basso impatto ambientale, grazie a ridotte emissioni di CO₂, bassissime emissioni di Componenti Organici Volatili (VOC), componenti ottenuti da processi di riciclo",https://volteco.com/wp-content/uploads/2024/11/AQUASCUD_430_vaso_sac_2024.png,https://volteco.com/it/prodotti/aquascud-system-430
PLASTIVO 180,Volteco,"Rivestimento impermeabile polimero modificato bicomponente, tixotropico e flessibile, con core curing technology per un'efficace maturazione anche in condizioni di basse temperature e supporti parzialmente umidi.

Vantaggi:
1. Maturazione rapida che consente tempi di attesa brevi fra prima e seconda mano e successiva piastrellatura, anche in condizioni di bassa temperatura (tutto in 24 ore)
2. Efficace maturazione su sottofondi anche parzialmente umidi
3. Idoneo al contatto con acque potabili
4. Protezione anticarbonatazione con funzione ""barriera""",https://volteco.com/wp-content/uploads/2024/11/PLASTIVO_180_vaso_sac_2024.png,https://volteco.com/it/prodotti/plastivo-180
PLASTIVO 250,Volteco,"Rivestimento impermeabile, polimero modificato, bicomponente ad elevata flessibilità.Versatilità d'impiego per l'impermeabilizzazione di superfici sottoposte a spinta idrostatica sia positiva che negativa.

Vantaggi:
1. Elevata flessibilità
2. Idoneo al contatto con acque potabili
3. Idoneo al contatto con acque di depuratori e reflui civili
4. Protegge le superfici in calcestruzzo dalla CO₂ (Carbonatazione)",https://volteco.com/wp-content/uploads/2024/11/PLASTIVO_250__vas_sac_2024.png,https://volteco.com/it/prodotti/plastivo-250
BI MORTAR ULTRA SEAL,Volteco,"Rasante ancorante multifunzione

Vantaggi:
1. Elevata adesione su diversi supporti: garantisce un'ottima presa su calcestruzzo indurito o non stagionato, asciutto o umido, su massetti anche lisciati, pavimentazioni in ceramica o gres, pietre naturali e intonaci, vecchi rivestimenti opportunamente puliti
2. Compatibile con rivestimenti successivi: permette la ricopertura con resine acriliche, epossidiche, poliuretaniche e rivestimenti cementizi
3. Migliora la preparazione del sottofondo: regola l'assorbimento del supporto ed elimina la polverosità delle superfici cementizie, ottimizzando l'adesione dei successivi strati
4. Versatilità di applicazione: può essere additivato con sabbia di quarzo per aumentarne la resistenza meccanica e lo spessore di applicazione",https://volteco.com/wp-content/uploads/2025/04/BI_MORTAR_Ultra_Seal_op.png,https://volteco.com/it/prodotti/bi-mortar-ultra-seal
BI MORTAR CONCRETE SEAL,Volteco,"Impermeabilizzante cementizio a reticolazione cristallina. Realizza un rivestimento continuo che impedisce la penetrazione dell'acqua anche in pressione negativa.

Vantaggi:
1. Indicato sia per uso interno che esterno
2. Particolarmente resistente all'abrasione e agli urti
3. Idoneo al contatto continuo con l'acqua
4. Facile maturazione anche in condizioni di forte umidità e ambienti chiusi",https://volteco.com/wp-content/uploads/2024/05/BI_MORTAR_CS_sacco_2024.png,https://volteco.com/it/prodotti/bi-mortar-concrete-seal
BI MORTAR LEVELLING SEAL,Volteco,"Betoncino colabile, a ritiro compensato, con caratteristiche di impermeabilità e alta resistenza

Vantaggi:
1. Semplifica e riduce le fasi applicative in quanto rinforza ed impermeabilizza in unica applicazione
2. Ancoraggi ad alta resistenza
3. Elevate resistenze meccaniche
4. Indicato sia per uso interno che esterno",https://volteco.com/wp-content/uploads/2024/11/BI_MORTAR_LS_CONF_DEF.png,https://volteco.com/it/prodotti/bi-mortar-levelling-seal
BI MORTAR PLASTER SEAL,Volteco,"Intonaco fibrorinforzato di rivestimento con funzione impermeabile adatto per regolarizzare sia murature miste che in calcestruzzo armato.

Vantaggi:
1. Semplifica e riduce le fasi applicative in quanto regolarizza ed impermeabilizza in unica applicazione
2. Applicabile anche su supporti irregolari
3. Ottimo aggrappo
4. Ottima resistenza in spinta negativa",https://volteco.com/wp-content/uploads/2025/04/BI_MORTAR_PS_sacco_2024.png,https://volteco.com/it/prodotti/bi-mortar-plaster-seal
BI MORTAR RASO SEAL,Volteco,"Rivestimento bianco, impermeabile, flessibile e decorativo, particolarmente indicato per strutture a contatto con acqua quali: piscine, fontane e vasche

Vantaggi:
1. Pregevole finitura minerale in perfetta armonia con l'ambiente naturale, aree storiche e rurali
2. Ottima adesione sulla maggior parte di tipi di supporto quali calcestruzzo, malta, pietra, mattoni
3. Ottima finitura superficiale liscia grazie alla sua granulometria fine con possibilità di irruvidire la superficie nelle zone di transito
4. Soddisfa i requisiti antisdrucciolo del D.M. 236/89",https://volteco.com/wp-content/uploads/2025/04/BI_MORTAR_RASO_SEAL_S_V_2024.png,https://volteco.com/it/prodotti/bi-mortar-raso-seal
I-PLUG,Volteco,"Malta impermeabile a presa ultrarapida ideale per la chiusura immediata delle fuoriuscite d'acqua.

Vantaggi:
1. Ottima impermeabilizzazione
2. Assenza di ritiro
3. Blocco istantaneo di venute d'acqua anche se in pressione
4. Alta resistenza meccanica",https://volteco.com/wp-content/uploads/2024/11/I-PLUG__2024_sacco.png,https://volteco.com/it/prodotti/i-plug
SPIDY 15,Volteco,"Malta premiscelata cementizia a presa rapida per interventi veloci di ripristino del calcestruzzo armato e dei supporti cementizi in genere.

Vantaggi:
1. Buoni risultati di finitura
2. Elevata adesione al calcestruzzo e ai ferri di armatura
3. Presa rapida anche sui supporti e in ambienti particolarmente umidi
4. Ottima tixotropia che non richiede l'utilizzo di casserature",https://volteco.com/wp-content/uploads/2024/11/SPIDY___2024_04.png,https://volteco.com/it/prodotti/spidy-15
TAP 3,Volteco,"Malta idraulica impermeabile a presa e indurimento rapidi ideale per lavori veloci di impermeabilizzazione localizzati, anche in presenza di acqua in pressione.

Vantaggi:
1. Ottima impermeabilizzazione
2. Presa rapida
3. Assenza di ritiro
4. Alta resistenza meccanica",https://volteco.com/wp-content/uploads/2024/11/TAP_3_vaso_scat_2024.png,https://volteco.com/it/prodotti/tap-3
VOLGRIP EP,Volteco,"Geomembrana, a base di bentonite di sodio, per l'impermeabilizzazione di strutture atte al contenimento idrico, stoccaggio o smaltimento rifiuti

Vantaggi:
1. Prodotto a base naturale può contribuire a totalizzare punteggio per la certificazione LEED
2. Imbattibile autoconfinamento
3. Elevata impermeabilità
4. Robustezza costruttiva, può anche essere forato, tagliato e sagomato per qualsiasi adattamento",https://volteco.com/wp-content/uploads/2024/05/VOLGRIP_EP_2023_rotolo.png,https://volteco.com/it/prodotti/volgrip-ep
VOLGRIP HP – High Performance,Volteco,"Membrana autoagganciante bentonitica che impermeabilizza le strutture in calcestruzzo armato.Grazie al doppio strato, VOLGRIP + MDPE, garantisce una protezione doppia, anche in presenza di battente idraulico elevato.

Vantaggi:
1. Imbattibile autoconfinamento
2. Elevata impermeabilità anche su cantieri difficili e in presenza di acqua con elevata salinità o inquinata
3. Può essere forato, tagliato e sagomato per adattarsi alla struttura
4. Prodotto a base naturale può contribuire a totalizzare punteggio per la certificazione LEED",https://volteco.com/wp-content/uploads/2024/05/VOLGRIP_HP.png,https://volteco.com/it/prodotti/volgrip-hp-high-performance
VOLGRIP LH – Light,Volteco,"Membrana autoagganciante bentonitica che impermeabilizza le strutture in calcestruzzo armato.Grazie alla sua particolare struttura autoagganciante evita fenomeni di trasmigrazione interfacciale dell'acqua.

Vantaggi:
1. Prodotto a base naturale può contribuire a totalizzare punteggio per la certificazione LEED
2. Imbattibile autoconfinamento
3. Elevata impermeabilità
4. Può essere forato, tagliato e sagomato per adattarsi alla struttura",https://volteco.com/wp-content/uploads/2024/05/VOLGRIP_LH_2017.png,https://volteco.com/it/prodotti/volgrip-lh-light
REVOGRID – REVOGRID CORNER,Volteco,"Rete strutturale monolitica preformata realizzata in GFRP per il consolidamento ed il rinforzo strutturale secondo la tecnica dell'intonaco armato CRM (Composite Renforced Mortar) e rinforzi in genere.

Vantaggi:
1. Elevata resistenza meccanica: assicura un rinforzo duraturo e performante
2. Leggerezza e facilità di posa: semplifica l'installazione e riduce i tempi di lavoro
3. Compatibilità con materiali tradizionali: ottima adesione con malte e murature comuni
4. Resistenza chimica: resistente agli agenti atmosferici e ambienti aggressivi",https://volteco.com/wp-content/uploads/2025/02/REVOGRID-SYSTEM.png,https://volteco.com/it/prodotti/revogrid-revogrid-corner
AQUASCUD JOIN BT,Volteco,"Nastro impermeabilizzante auto adesivo da usarsi in abbinamento alle guaine minerali polimero modificate PLASTIVO o AQUASCUD.È costituito da un tessuto non tessuto in polipropilene alcali-resistente accoppiato con uno strato di adesivo butilico protetto da una carta pellicola siliconata pretagliata removibile.

Vantaggi:
1. Applicazione pratica e semplice facile e veloce grazie alla capacità autoadesiva
2. Buona impermeabilità
3. Buona elasticità
4. Buona adesività su differenti tipi di supporto",https://volteco.com/wp-content/uploads/2024/05/AQJOIN_BT_CONF.png,https://volteco.com/it/prodotti/aquascud-join-bt
AQUASCUD LINE,Volteco,"Profilo gocciolatoio drenante in alluminio verniciato per la finitura e protezione perimetrale di terrazze e balconi, atto a favorire un corretto deflusso delle acque.

Vantaggi:
1. Facile da unire con giunzioni ad incastro rapido
2. Consente il corretto deflusso delle acque presenti su superfici già in pendenza
3. Appositamente studiato per il raccordo con impermeabilizzanti di protezione dei massetti
4. Nella versione H.10 favorisce il drenaggio di eventuale acqua ed umidità residua presente nello strato sotto piastrella",https://volteco.com/wp-content/uploads/2024/05/AQUASCUD_LINE_princi.png,https://volteco.com/it/prodotti/aquascud-line
BI FLEX SYSTEM,Volteco,"Combinazione di elementi impermeabili per il trattamento dei giunti e delle fessure composto da un nastro elastico a base di un terpolimero elastomerico e da un adesivo epossidico bicomponente.

Vantaggi:
1. Totale impermeabilità con spinta idrostatica positiva/negativa
2. Controllo della tenuta idraulica visibile e riparabile
3. Elevata capacità di allungamento e assorbimento delle dilatazioni
4. Ottima adesione su differenti sottofondi quali calcestruzzo, malta, pietra, acciaio, acciaio zincato",https://volteco.com/wp-content/uploads/2024/11/SISTEMA_BF_GR.png,https://volteco.com/it/prodotti/bi-flex-system
FLEXONET,Volteco,"Rete flessibile in polipropilene resistente agli alcali da utilizzare come armatura per migliorare il comportamento elastico multidirezionale delle guaine minerali polimero modificate elastiche.

Vantaggi:
1. Indemagliabile e resistente all'ambiente alcalino
2. Facilità di posa grazie alla notevole capacità di essere compenetrato
3. Migliora le capacità di crack bridging e di tutte le proprietà meccaniche dei prodotti PLASTIVO/CP1
4. Non altera le caratteristiche traspiranti della miscela in cui viene inserita",https://volteco.com/wp-content/uploads/2024/05/FLEXONET_03.2024.png,https://volteco.com/it/prodotti/flexonet
GARVO 3 e 5,Volteco,"Nastri coprigiunti impermeabili in banda elastica da utilizzare in abbinamento al rivestimento PLASTIVO o al sistema protettivo AQUASCUD SYSTEM.Indicato per impermeabilizzare i giunti in strutture sottoposte a movimenti e per coprire lesioni strutturali e riprese di getto sottoposte a spinta idrostatica positiva.

Vantaggi:
1. Facile e veloce applicazione
2. Totale impermeabilità all'acqua
3. Elevata capacità di allungamento
4. Ottima adesione",https://volteco.com/wp-content/uploads/2024/05/GARVO_2024_CONF.png,https://volteco.com/it/prodotti/garvo-3-e-5
REVOMAT,Volteco,"Rete in fibra di vetro AR che, grazie a caratteristiche di elevata resistenza agli alcali presenti nel cemento, è esente da ossidazione e disgregazione.

Vantaggi:
1. Buona flessibilità al fine di facilitare la sagomatura in corrispondenza dei cambi di direzione
2. Durabilità eccellente, inalterabile in ambienti umidi e chimicamente aggressivi
3. Elevata resistenza alla trazione (circa 3 volte superiore all'acciaio)
4. Dotata di un particolare trattamento superficiale antialcalino (appretto) che ne potenzia le proprietà e conferisce stabilità dimensionale",https://volteco.com/wp-content/uploads/2024/05/REVOMAT_03.2024.png,https://volteco.com/it/prodotti/revomat
XNET,Volteco,"Armatura elasticizzata in composito sintetico multidirezionale a base polipropilene, resistente agli alcali, che migliora le prestazioni delle guaine liquide polimero-modificate e dei rasanti organico minerali a cui viene abbinata.

Vantaggi:
1. Resistente all'ambiente alcalino
2. Veloce da posare grazie alla notevole capacità di essere compenetrata
3. Incrementa le capacità di crack bridging e di resistenza a fatica delle guaine polimero-modificate e dei rasanti minerali
4. Non altera le caratteristiche traspiranti della miscela in cui viene abbinata",https://volteco.com/wp-content/uploads/2024/05/XNET___conf_rotolo.png,https://volteco.com/it/prodotti/xnet
ULTRATACK,Volteco,"Adesivo sigillante rapido ad effetto ventosa

Vantaggi:
1. Alto tack iniziale: Fornisce un'adesione immediata e potente permettendo di fissare guarnizioni e profili in gomma senza bisogno di supporti temporanei, aderendo rapidamente alla superficie e mantenendo gli elementi da fissare in posizione
2. Elevata adesione: garantisce un incollaggio forte e sicuro tra la gomma e il calcestruzzo, resistendo a sollecitazioni meccaniche e vibrazioni
3. Elasticità: mantiene la sua flessibilità nel tempo, assorbendo movimenti e dilatazioni termiche
4. Applicazione interna ed esterna: adatto per l'uso sia in ambienti interni che esterni, offrendo versatilità nelle diverse condizioni di lavoro. A maturazione avvenuta il prodotto è sovraverniciabile",https://volteco.com/wp-content/uploads/2025/04/Scatola_ULTRATACK_2025.png,https://volteco.com/it/prodotti/ultratack
REVOGRID CONNECTOR-L,Volteco,"Connettore preformato a forma di L, in GFRP, ad aderenza migliorata, utilizzato per collegare le reti in GFRP nei sistemi di consolidamento strutturale tramite intonaco armato CRM (Composite Reinforced Mortar) e per realizzare altre tipologie di connessioni strutturali.

Vantaggi:
1. Elevata resistenza meccanica: assicura un rinforzo duraturo e performante
2. Leggerezza e facilità di posa: semplifica l'installazione e riduce i tempi di lavoro
3. Compatibilità con materiali tradizionali: ottima adesione con malte e murature comuni
4. Resistenza chimica: resistente agli agenti atmosferici e ambienti aggressivi",https://volteco.com/wp-content/uploads/2025/02/CONNETTORI_REVOGRID.png,https://volteco.com/it/prodotti/revogrid-connector-l
ULTRABOND,Volteco,"Vantaggi:
1. Adesione solida e duratura con distribuzione uniforme del collante
2. Resistenza ad alte temperature, plastificanti, oli e lubrificanti
3. Efficace in applicazioni con sollecitazioni termiche e chimiche
4. Versatile e di facile applicazione",https://volteco.com/wp-content/uploads/2024/11/ULTRABOND__conf_barattolo.png,https://volteco.com/it/prodotti/ultrabond
SUPERBOND,Volteco,"Vantaggi:
1. Riduzione dei tempi di fissaggio grazie all'adesione immediata
2. Adatto a materiali soggetti a movimenti o deformazioni grazie alla sua alta flessibilità
3. Buona resistenza meccanica e chimica, ideale per applicazioni durevoli
4. Resistente all’invecchiamento, all’umidità e alle basse temperature",https://volteco.com/wp-content/uploads/2024/11/SUPERBOND___barattolo.png,https://volteco.com/it/prodotti/superbond
BI BOND,Volteco,"Adesivo epossidico bicomponente fillerizzato ad elevata tixotropia e consistenza di stucco morbido.

Vantaggi:
1. Ottima adesione alla maggior parte dei materiali da costruzione
2. Elevata resistenza agli agenti chimici e ai sali di disgelo
3. Alta resistenza meccanica
4. Elevata tixotropia, non cola in applicazioni verticali o a soffitto",https://volteco.com/wp-content/uploads/2024/05/BI_BOND_VASI.png,https://volteco.com/it/prodotti/bi-bond
BI FIX 300,Volteco,"Ancorante chimico bicomponente anfibio, vinilestere senza stirene, per il fissaggio rapido ad alte prestazioni di connettori e ferri di ripresa. Costituito da due componenti (A+B) che vengono miscelati tramite l’apposito beccuccio al momento dell’estrusione.

Vantaggi:
1. Ancoraggio veloce, solido e risolutivo
2. Possibilità di fissaggio su asse orizzontale, verticale, inclinato o sopratesta
3. Adatto anche per fissaggi su supporti in calcestruzzo integro o fessurato, muratura piena e forata, pietra, legno...
4. Applicabile su calcestruzzo asciutto, umido o con foro allagato",https://volteco.com/wp-content/uploads/2024/05/BI_FIX_300_scat_-_cart.png,https://volteco.com/it/prodotti/bi-fix
BI MASTIC,Volteco,"Mastice adesivo e sigillante tixotropico silano modificato, elastico, monocomponente per l’incollaggio ad alte prestazioni di materiali diversi, sia all’interno che all’esterno, in sostituzione o integrazione di fissaggi meccanici.

Vantaggi:
1. Elevate tixotropia, adesività e durevolezza e resistenza agli U.V.
2. Comportamento igroindurente, reticola sia con l'umidità ambientale sia con eventuale presenza d'acqua d'allagamento post-posa
3. Applicabile anche su supporti umidi
4. Applicabile su una ampia gamma di supporti, sia assorbenti che non assorbenti",https://volteco.com/wp-content/uploads/2024/11/BI_MASTIC_2024.png,https://volteco.com/it/prodotti/bi-mastic
CONNETTORE 20 e 38 IN ACCIAIO,Volteco,"Connettore meccanico a piolo in acciaio con zincatura elettrolitica, rondella circolare superiore, rondella mobile inferiore di guida per la posa e gambo filettato.

Vantaggi:
1. Solido ancoraggio grazie al doppio disco
2. Permette l’assenza di reti di armatura in abbinamento a malte fibroarmate a basso spessore, in caso di presenza di reti metalliche non richiede il fissaggio alle stesse
3. Facile e veloce applicazione grazie al disco guida di posa",https://volteco.com/wp-content/uploads/2024/05/composizione_conn.png,https://volteco.com/it/prodotti/connettore-20-e-38-in-acciaio
REPOSOL,Volteco,"Resina epossidica fluida bicomponente addizionabile con segatura, sabbia, ...

Vantaggi:
1. Semplicità di applicazione
2. Versatilità
3. Elevate prestazioni",https://volteco.com/wp-content/uploads/2024/05/Reposl_CONF_2024.png,https://volteco.com/it/prodotti/reposol
AKTI-VO 201,Volteco,"Mastice idroespansivo dalle grandi prestazioni per la sigillatura e l'impermeabilizzazione definitiva di corpi passanti e fessurazioni in genere. Permette di intervenire direttamente sul punto di venuta d'acqua.

Vantaggi:
1. Intervento risolutivo su strutture esistenti
2. Applicabile anche su supporti bagnati e particolarmente irregolari
3. Può sostenere importanti carichi d'acqua
4. Pratico e veloce per applicazioni puntuali",https://volteco.com/wp-content/uploads/2025/02/AKTI-VO_201.png,https://volteco.com/it/prodotti/akti-vo-201
AKTI-VO BS,Volteco,"Mastice composto da bentonite di sodio naturale e gomma butilica idoneo alla sigillatura impermeabile di corpi passanti, al collegamento fra elementi di diversa natura o alla stuccatura della membrana bentonitica VOLGRIP.

Vantaggi:
1. Non risente dell’esposizione all’aria o del contatto con acque di mare o agenti contaminanti
2. Applicabile anche su supporti umidi e particolarmente irregolari
3. Consente applicazioni a spessore variabile
4. Pratico e veloce per applicazioni puntuali",https://volteco.com/wp-content/uploads/2024/05/AKTI-VO_BS_TOT_2024.png,https://volteco.com/it/prodotti/akti-vo-bs
VOL-TEC,Volteco,"Profilo espansivo per la chiusura ermetica di giunti ad ampio movimento, a tenuta idraulica ed isolamento sismico.

Vantaggi:
1. Pressione della struttura in gomma regolabile manualmente, possibilità di registrare la coppia di serraggio anche in tempi successivi alla posa
2. Facile verifica ed ispezione dello stato di efficienza del profilo
3. Installazione rapida e sicura, grazie al kit completo degli elementi d'impiego e di preparazione delle sedi
4. L'insieme garantisce una pressione costante tra le due parti della struttura anche in caso di movimento",https://volteco.com/wp-content/uploads/2024/05/VOL-TEC_TOT_01_2024.png,https://volteco.com/it/prodotti/vol-tec
WT 102,Volteco,"Profilo idroespansivo a base di Bentonite di Sodio naturale e gomma butilica, che sigilla le riprese di getto nelle strutture in calcestruzzo armato, anche in presenza di forti spinte d'acqua.

Vantaggi:
1. Elevata resistenza al carico idraulico
2. Facile e veloce applicazione
3. Ottima stabilità e aderenza al supporto
4. Perfetta sigillatura delle riprese di getto e dei corpi passanti annegati nei getti di calcestruzzo",https://volteco.com/wp-content/uploads/2024/05/WT102_SC_2024.png,https://volteco.com/it/prodotti/wt-102
WT BREAK,Volteco,"Elemento scatolare autosigillante a tenuta idraulica studiato per regolare e sigillare le eventuali fessure spontanee del calcestruzzo armato che si formeranno solo in sua corrispondenza.

Vantaggi:
1. Evita la formazione di fessure spontanee e scomposte
2. Consente la continuità con il waterstop posto nella ripresa soletta/muro
3. Perfetta tenuta idraulica
4. Possibilità di effettuare getti in calcestruzzo in continuo senza riprese",https://volteco.com/wp-content/uploads/2024/11/BREAK_01_new.png,https://volteco.com/it/prodotti/break
WT CONSTRUCTION,Volteco,"Profilo idroespansivo a base di copolimero AMPHIBIA in EPDM armato con una rete di acciaio, crea un'ottimale sigillatura delle riprese di getto, giunti di costruzione ed elementi di passaggio

Vantaggi:
1. Versatile, si adatta a vari tipi di condizioni, supporti umidi, rugosi, irregolari, inclinati, a volta o a soffitto, da -20°C a +50°C
2. Facile e veloce applicazione con semplice chiodatura
3. Forte ancoraggio meccanico, non si sposta durante i getti, resiste agli urti
4. Ottima aderenza al supporto anche durante le fasi di getto, l'aderenza aumenta con l'aumentare dell'espansione a contatto con l'acqua",https://volteco.com/wp-content/uploads/2024/05/WT_C_25.15_new.png,https://volteco.com/it/prodotti/wt-construction
WT EXPANSION,Volteco,"Guarnizione idroespansiva a base di copolimero AMPHIBIA in EPDM con elevata resistenza al carico idraulico, crea un'ottimale sigillatura dei giunti di dilatazione e contrazione

Vantaggi:
1. Perfetta tenuta idraulica
2. Elevata resistenza al carico idraulico
3. Atossicità e rispetto per l'ambiente
4. Grande flessibilità di utilizzo",https://volteco.com/wp-content/uploads/2024/05/WT_EXPANSION_CONF.png,https://volteco.com/it/prodotti/wt-expansion
WT PANEL,Volteco,"Pannello waterstop modulare idroespansivo a base di copolimero AMPHIBIA in EPDM, in grado di aderire per pressione alla struttura impermeabilizzandola

Vantaggi:
1. Elevate capacità e stabilità idroespansive
2. Facile adattamento alle dimensioni delle strutture da impermeabilizzare in corrispondenza del giunto tecnico
3. Possono essere forati, tagliati e sagomati per adattarsi alla struttura
4. Possono essere accoppiati a caldo o per incollaggio per aumentarne lo spessore complessivo",https://volteco.com/wp-content/uploads/2025/04/tot.png,https://volteco.com/it/prodotti/wt-panel
WT STRIP,Volteco,"Nastro waterstop, a base di copolimero AMPHIBIA in EPDM idroespansivo, ideato per sigillare, per pressione, superfici di contatto al passaggio d’acqua

Vantaggi:
1. Elevate capacità e stabilità idroespansive
2. Flessibilità e facile adattamento a forma e dimensioni delle strutture da sigillare
3. Può essere forato, tagliato e sagomato per adattarsi alla struttura
4. Nastri multipli possono essere accoppiati a caldo o per incollaggio per aumentarne lo spessore complessivo",https://volteco.com/wp-content/uploads/2024/05/conf_wt_strip_new.png,https://volteco.com/it/prodotti/wt-strip
CALIBRO NHL,Volteco,"Intonaco certificato a base di calce idraulica naturale NHL secondo EN 459, eco compatibile, indicato per trattamenti antiumidità, antisale e anticondensa su ogni tipo di muratura umida, sia all'esterno che in ambienti interni.

Vantaggi:
1. Prodotto a base di calce naturale NHL secondo EN 459
2. Eco compatibile
3. 2 in 1: Rinzaffo e Intonaco in un'unica soluzione
4. Applicabile anche a macchina",https://volteco.com/wp-content/uploads/2024/11/calibro_nhl_sacco_2024.png,https://volteco.com/it/prodotti/calibro-nhl
CALIBRO PLUS EVAPORATION,Volteco,"Sistema deumidificante formulato per il risanamento degli intonaci su murature umide sia nei locali interni che all'esterno.È costituito da due componenti risananti deumidificanti CALIBRO RINZAFFO e CALIBRO P.E. INTONACO da impiegarsi in successione.

Vantaggi:
1. Adatto a rivestire ogni tipo di muratura
2. Garantisce un risanamento sano e stabile nel tempo
3. Inibisce il formarsi di fenomeni di condensa
4. Applicabile anche a macchina",https://volteco.com/wp-content/uploads/2024/11/calibro_pe_tot_2024.png,https://volteco.com/it/prodotti/calibro-plus-evaporation
TRIPLEZERO,Volteco,"Emulsione cremosa pronta all'uso, superidrofobica, atossica. Consente di ottenere una barriera chimica creando uno ""scudo"" estremamente resistente all'umidità di risalita delle murature.

Vantaggi:
1. Pronto all'uso e di facile applicazione per iniezione
2. Indicato sia per uso interno che esterno
3. Protezione idrorepellente efficace e duratura nel tempo
4. Inodore e privo di solventi",https://volteco.com/wp-content/uploads/2024/05/TRIPLEZERO_Conf.png,https://volteco.com/it/prodotti/triplezero
X-LIME,Volteco,"Intonachino di finitura idrofobizzato a base di calce, premiscelato, di colorazione bianca.

Vantaggi:
1. Elevata traspirabilità
2. Facile lavorabilità sia su supporti esistenti che di nuova realizzazione
3. Ottimi risultati di finitura anche in presenza di microfessurazioni e vecchie tinteggiature
4. Compatibilità con murature storiche",https://volteco.com/wp-content/uploads/2024/11/X-LIME__2024_sacco.png,https://volteco.com/it/prodotti/x-lime
CP0,Volteco,"Rivestimento di finitura a spessore, in pasta, colorato, organico minerale per esterni ed interni ad alta traspirabilità ed idrorepellenza, a base di resine acril-silossaniche in dispersione acquosa.

Vantaggi:
1. Pregiato aspetto estetico, disponibile in diverse granulometrie
2. Effetto compatto, ottimo potere riempitivo e mascherante
3. Resistente alla formazione e proliferazione di muffe, alghe e funghi
4. Durevole nel tempo grazie ad elevata resistenza agli agenti atmosferici ed ai raggi UV",https://volteco.com/wp-content/uploads/2024/05/CP0_SINGOLO_VASO___CONF.png,https://volteco.com/it/prodotti/cp0
CP1,Volteco,"Fondo di finitura, impermeabile, traspirante, elastico a base cementizia di colore bianco ideale per la protezione di facciate sia in calcestruzzo che in laterizio.

Vantaggi:
1. Traspirabilità ed impermeabilità in un'unica soluzione
2. Ottima efficacia come barriera anticarbonatante per la protezione del calcestruzzo
3. Elevata protezione in caso di esposizione ad aerosol marino
4. Ottima barriera all'ingresso di agenti aggressivi a garanzia di un miglior comfort abitativo",https://volteco.com/wp-content/uploads/2024/05/cp1_vaso_sac_2024.png,https://volteco.com/it/prodotti/cp1
CRYSTAL,Volteco,"Vernice monocomponente a base di resina acrilica autoreticolante in dispersione acquosa, pronta all'uso.

Vantaggi:
1. Stabile ai raggi U.V. e resistente all'ingiallimento
2. Riduce l'assorbimento di acqua, olio e liquidi in genere
3. Incolore (possono verificarsi scurimenti del supporto)
4. Migliora la resistenza all'usura",https://volteco.com/wp-content/uploads/2024/05/CRYSTAL___CONF_vaso.png,https://volteco.com/it/prodotti/crystal
CRYSTAL POOL,Volteco,"Vernice monocomponente ad effetto satinato a base di resine acriliche in dispersione acquosa, priva di solventi, con un'ottima resistenza all'acqua e alle aggressioni degli agenti chimici.

Vantaggi:
1. Buona resistenza all'acqua anche con presenza di cloro ed agli agenti chimici
2. Idoneo al contatto con acque potabili
3. Elevata resistenza ai raggi U.V.
4. Assenza di solventi",https://volteco.com/wp-content/uploads/2025/04/CRYSTAL_POOL___CONF_vaso.png,https://volteco.com/it/prodotti/crystal-pool
CRYSTAL PURE,Volteco,"Rivestimento epossidico, di colore bianco, atossico e impermeabile per superfici a contatto con acqua potabile.

Vantaggi:
1. Ottima capacità coprente
2. Resistente all'azione del gelo
3. Assenza di solventi",https://volteco.com/wp-content/uploads/2024/11/CRYSTA_PURE_2024.png,https://volteco.com/it/prodotti/crystal-pure
PAINT AIR,Volteco,"Pittura acril-silossanica formulata per verniciare qualsiasi supporto minerale (esclusi quelli a base gesso) e per realizzare rivestimenti decorativi con possibilità di scelta tra un'ampia gamma di colori.

Vantaggi:
1. Ottima idrorepellenza
2. Ottima resistenza agli agenti aggressivi atmosferici fisici e chimici (es: vento, smog, etc)
3. Notevole resistenza ai raggi ultravioletti
4. Disponibilità di tinte molto ampia",https://volteco.com/wp-content/uploads/2024/05/PAINT_AIR__CONF_vaso.png,https://volteco.com/it/prodotti/paint-air
PAINT PROTECTION,Volteco,"Pittura protettiva a base di resine acriliche in emulsione acquosa dotata di un’ottima impermeabilità all’acqua ed agli agenti aggressivi presenti nell’atmosfera, di buona traspirabilità al vapore ed efficace azione anticarbonatante mirata a neutralizzare fenomeni di corrosione delle armature.

Vantaggi:
1. Ottima efficacia come barriera anticarbonatante per la protezione del calcestruzzo
2. Ottima resistenza agli agenti aggressivi atmosferici fisici e chimici (es: vento, smog, etc)
3. Notevole resistenza ai raggi ultravioletti
4. Disponibilità di tinte molto ampia",https://volteco.com/wp-content/uploads/2024/05/PAINT_PROTECTION___2024.png,https://volteco.com/it/prodotti/paint-protection
PROCLEAN,Volteco,"Trattamento a base di additivi in dispersione acquosa con funzione disinfettante, in grado di neutralizzare e proteggere superfici esterne ed interne contaminate da muffe, funghi ed alghe.

Vantaggi:
1. Disinfetta le superfici contaminate
2. Non richiede diluizione con acqua
3. Non pellicola
4. Essendo privo di solventi ne è consentita l'applicazione in ambienti chiusi e poco ventilati",https://volteco.com/wp-content/uploads/2024/05/Procelan_tanica_2024_04.png,https://volteco.com/it/prodotti/proclean
PROFIX 20,Volteco,"Fondo a base di una miscela di microemulsioni polisilossaniche ed acriliche in grado di fissare il supporto ed omogeneizzarne l'assorbimento.

Vantaggi:
1. Consolida il supporto evitando la formazione di una pellicola superficiale
2. Elimina la polverosità dei supporti minerali
3. Incrementa l'adesione di rasanti, rivestimenti o finiture in genere
4. Essendo inodore e privo di solventi ne è consentita l'applicazione in ambienti chiusi e poco ventilati",https://volteco.com/wp-content/uploads/2024/05/Profix_20_tanica_2024.png,https://volteco.com/it/prodotti/profix-20
PROFIX 30,Volteco,"Fondo a base di resine acriliche micronizzate in dispersione acquosa in grado di penetrare in profondità nel supporto realizzando un elevato effetto fissativo e di omogeneizzazione dell'assorbimento.

Vantaggi:
1. Elevato potere di penetrazione ed efficace effetto consolidante, anche in caso di supporti poco porosi
2. Elimina la polverosità dei supporti minerali
3. Incrementa l'adesione al supporto di rivestimenti, finiture ed impermeabilizzanti
4. Essendo inodore e privo di solventi ne è consentita l'applicazione in ambienti chiusi e poco ventilati",https://volteco.com/wp-content/uploads/2024/05/Profix_30_tanica_2024.png,https://volteco.com/it/prodotti/profix-30
PROFIX 40,Volteco,"Fondo pigmentato a base di resine acriliche micronizzate in dispersione acquosa ad elevata capacità coprente, contenente calibrati filler che contribuiscono ad incrementare le proprietà di adesione di successivi rivestimenti o pitture.

Vantaggi:
1. Buona idrorepellenza e traspirabilità al vapore
2. Buona capacità coprente
3. Incrementa l'adesione di CP0, PAINT AIR e PAINT PROTECTION
4. Essendo privo di solventi ne è consentita l'applicazione in ambienti chiusi e poco ventilati",https://volteco.com/wp-content/uploads/2024/05/PROFIX_40_vaso_2024.png,https://volteco.com/it/prodotti/profix-40
TRIPLEZERO-T,Volteco,"Emulsione cremosa pronta all'uso, superidrofobica, atossica che grazie alla sua azione idrorepellente immediata, protegge le murature soggette a fenomeni di assorbimento d'acqua.

Vantaggi:
1. Indicato sia per uso interno che esterno
2. Protezione trasparente e duratura nel tempo
3. Ottima resistenza agli agenti di invecchiamento quali raggi UV, gelo-disgelo, aerosol marino
4. Inodore e privo di solventi",https://volteco.com/wp-content/uploads/2024/05/TRIPLEZERO-T__VASO_DA_5_KG.png,https://volteco.com/it/prodotti/triplezero-t
FIBRO HFR – HIGH FRACTURE RESISTANCE,Volteco,"Betoncino colabile tricomponente ad armatura diffusa con fibre d’acciaio ad alta resistenza ed alto indice di carbonio, ad elevata resistenza residua a trazione (tenacità) ed alte prestazioni meccaniche. FIBRO HFR è conforme al Certificato di Valutazione Tecnica (CVT) n° 02/2025 rilasciato dalla 2a Div.
del STC del CSLP.

Vantaggi:
1. La presenza della fibra in acciaio conferisce un comportamento tenace
2. Applicabile in spessori compresi tra 1 e 10 cm
3. Totale resistenza a fenomeni di carbonatazione
4. Elevatissime resistenze meccaniche a compressione e flessione",https://volteco.com/wp-content/uploads/2025/02/FIBRO_GROUP_A.png,https://volteco.com/it/prodotti/fibro-hfr-high-fracture-resistance
FIBROeRASO,Volteco,"Malta tixotropica semirapida a medio modulo elastico e ritiro controllato, a base di cemento solfoalluminoso e rinforzata con microfibre sintetiche, indicata per il ripristino strutturale, la rasatura e la protezione del calcestruzzo armato con un’ottima finitura superficiale.

Vantaggi:
1. Elevata impermeabilità
2. Facile lavorabilità e velocità di applicazione
3. Elevata resistenza alla carbonatazione
4. Ottima adesione al calcestruzzo e ai ferri di armatura",https://volteco.com/wp-content/uploads/2024/05/FIBROeRASO___2024_sacco.png,https://volteco.com/it/prodotti/fibroeraso
FIBROMIX 40,Volteco,"Malta tixotropica fibrorinforzata a medio modulo elastico e a ritiro controllato, ideale per ripristini strutturali del calcestruzzo armato.

Vantaggi:
1. Elevata impermeabilità
2. Buona resistenza alle aggressioni degli agenti chimici atmosferici
3. Ottima adesione al calcestruzzo e ai ferri di armatura
4. Colorazione chiara",https://volteco.com/wp-content/uploads/2024/05/FIBRO40___2024_04.png,https://volteco.com/it/prodotti/fibromix-40
FLEXOMIX 30,Volteco,"Malta cementizia polimero modificata a basso modulo elastico tixotropica e fibrorinforzata che consente in un'unica soluzione il ripristino volumetrico di ricostruzioni del calcestruzzo armato con un'ottima finitura superficiale.

Vantaggi:
1. Elevata impermeabilità
2. Buona resistenza alle aggressioni degli agenti chimici atmosferici
3. Basso modulo elastico in grado di seguire la struttura nei suoi movimenti
4. Ottima tixotropia che consente l'applicazione senza necessità di casseratura",https://volteco.com/wp-content/uploads/2024/05/FLEXO30___2024_sacco.png,https://volteco.com/it/prodotti/flexomix-30
SANOFER,Volteco,"Rivestimento protettivo cementizio specifico per la salvaguardia dei ferri di armatura.

Vantaggi:
1. Efficace anche sui ferri già corrosi dalla ruggine
2. Ottimo aggrappo per le successive malte da ripristino
3. Facile e veloce applicazione
4. Utilizzo direttamente sulle barre d'acciaio in vista",https://volteco.com/wp-content/uploads/2024/11/SANOFER_vaso_2024.png,https://volteco.com/it/prodotti/sanofer
